# MJCFExport OBJ: alphabet_soup_can_convex_0
o alphabet_soup_can_convex_0
v 0.024253 -0.019793 0.081506
v 0.025965 -0.017719 0.081497
v 0.025479 -0.015607 0.081463
v 0.025881 -0.018417 0.081391
v 0.024804 -0.019861 0.081303
v 0.025695 -0.018907 0.081212
v 0.022510 -0.019026 0.081479
v 0.025695 -0.018907 0.081212
v 0.025705 -0.019129 0.080974
v 0.026508 -0.018114 0.080905
v 0.024767 -0.020119 0.081115
v 0.025070 -0.019733 0.081162
v 0.025070 -0.019733 0.081162
v 0.026886 -0.017519 0.081090
v 0.026886 -0.017519 0.081090
v 0.025920 -0.018790 0.080387
v 0.024804 -0.019861 0.081303
v 0.024245 -0.020377 0.081359
v 0.024767 -0.020119 0.081115
v 0.026862 -0.016724 0.081451
v 0.023890 -0.020937 0.080156
v 0.025422 -0.018962 0.079956
v 0.024227 -0.020822 0.080904
v 0.024040 -0.015830 0.081112
v 0.027028 -0.015894 0.081515
v 0.025597 -0.018343 0.079865
v 0.027270 -0.016904 0.080285
v 0.024245 -0.020377 0.081359
v 0.023989 -0.020985 0.081126
v 0.023989 -0.020985 0.081126
v 0.023334 -0.016456 0.080923
v 0.027723 -0.016186 0.081179
v 0.027723 -0.016186 0.081179
v 0.024429 -0.019529 0.079577
v 0.027234 -0.016669 0.080028
v 0.026590 -0.016663 0.079718
v 0.024956 -0.018682 0.079645
v 0.023685 -0.021111 0.081268
v 0.023358 -0.021219 0.081390
v 0.027764 -0.016367 0.080942
v 0.025590 -0.017850 0.079452
v 0.023644 -0.020194 0.079470
v 0.023034 -0.016406 0.080343
v 0.022407 -0.017253 0.080595
v 0.024121 -0.015272 0.080844
v 0.026358 -0.016783 0.079507
v 0.023685 -0.021111 0.081268
v 0.023332 -0.021631 0.081115
v 0.020945 -0.019121 0.081002
v 0.023852 -0.015410 0.080637
v 0.021916 -0.017786 0.079468
v 0.023332 -0.021631 0.081115
v 0.023537 -0.021494 0.080517
v 0.022545 -0.021482 0.079678
v 0.022358 -0.022407 0.080128
v 0.020907 -0.020233 0.081445
v 0.025344 -0.013806 0.081050
v 0.026058 -0.013972 0.081398
v 0.028233 -0.015485 0.080348
v 0.021995 -0.021867 0.079472
v 0.021402 -0.018347 0.080611
v 0.024551 -0.014303 0.080155
v 0.027512 -0.015118 0.079650
v 0.028468 -0.015062 0.081107
v 0.028247 -0.015176 0.081272
v 0.028247 -0.015176 0.081272
v 0.026442 -0.016572 0.075592
v 0.022794 -0.021866 0.081340
v 0.022863 -0.022058 0.081127
v 0.022794 -0.021866 0.081340
v 0.023664 -0.015667 0.078996
v 0.021345 -0.018321 0.079016
v 0.028022 -0.014967 0.081419
v 0.021937 -0.023005 0.080961
v 0.025293 -0.013329 0.080685
v 0.028714 -0.014843 0.080821
v 0.028039 -0.014139 0.079548
v 0.021815 -0.022949 0.081220
v 0.022863 -0.022058 0.081127
v 0.021815 -0.022949 0.081220
v 0.021082 -0.023005 0.081484
v 0.022324 -0.017378 0.078627
v 0.024479 -0.014535 0.079184
v 0.021610 -0.017981 0.078452
v 0.029216 -0.013937 0.080694
v 0.026918 -0.013208 0.081471
v 0.020721 -0.023901 0.080238
v 0.021529 -0.022625 0.079721
v 0.019543 -0.020064 0.080461
v 0.019570 -0.020232 0.080837
v 0.023251 -0.016091 0.077526
v 0.021995 -0.017681 0.077763
v 0.024348 -0.014570 0.078168
v 0.028683 -0.014633 0.080248
v 0.028468 -0.015062 0.081107
v 0.028862 -0.014423 0.081110
v 0.028862 -0.014423 0.081110
v 0.029047 -0.013672 0.081300
v 0.026146 -0.012113 0.080845
v 0.027720 -0.014583 0.075657
v 0.021400 -0.023422 0.081051
v 0.021140 -0.023497 0.081251
v 0.021400 -0.023422 0.081051
v 0.018593 -0.020854 0.080086
v 0.026021 -0.011996 0.080487
v 0.026416 -0.011978 0.081034
v 0.020982 -0.018661 0.077312
v 0.029506 -0.013282 0.081083
v 0.029047 -0.013672 0.081300
v 0.028754 -0.009568 0.081470
v 0.018746 -0.021165 0.081046
v 0.021894 -0.017610 0.076011
v 0.025281 -0.013144 0.079318
v 0.025231 -0.013092 0.077332
v 0.020061 -0.019671 0.078836
v 0.029804 -0.012692 0.080530
v 0.029337 -0.011922 0.079688
v 0.029464 -0.011719 0.081520
v 0.026098 -0.017109 0.071744
v 0.024339 -0.019300 0.073992
v 0.022617 -0.021170 0.075497
v 0.020712 -0.024063 0.080758
v 0.020938 -0.022983 0.079406
v 0.020214 -0.023615 0.079524
v 0.025912 -0.012165 0.078926
v 0.024093 -0.014973 0.076755
v 0.023679 -0.015592 0.075909
v 0.028831 -0.012790 0.079492
v 0.029506 -0.013282 0.081083
v 0.029450 -0.013036 0.081265
v 0.021140 -0.023497 0.081251
v 0.020378 -0.024068 0.081266
v 0.019117 -0.024513 0.081531
v 0.019839 -0.024059 0.078862
v 0.017409 -0.023192 0.081468
v 0.018602 -0.020932 0.079266
v 0.027602 -0.009961 0.081174
v 0.029623 -0.012456 0.081340
v 0.029657 -0.012767 0.081203
v 0.029450 -0.013036 0.081265
v 0.029844 -0.012718 0.080848
v 0.029657 -0.012767 0.081203
v 0.020702 -0.023989 0.081080
v 0.020702 -0.023989 0.081080
v 0.018544 -0.020954 0.080518
v 0.026329 -0.011347 0.079410
v 0.025749 -0.012354 0.077607
v 0.021740 -0.017765 0.074446
v 0.030382 -0.011519 0.080240
v 0.029623 -0.012456 0.081340
v 0.027500 -0.009257 0.080868
v 0.023424 -0.015896 0.074803
v 0.020345 -0.019205 0.074934
v 0.030279 -0.011817 0.080441
v 0.030063 -0.011797 0.081302
v 0.030063 -0.011797 0.081302
v 0.028982 -0.012221 0.074834
v 0.019985 -0.024566 0.081068
v 0.020378 -0.024068 0.081266
v 0.019708 -0.024661 0.081202
v 0.019505 -0.024324 0.079440
v 0.024734 -0.013879 0.074613
v 0.025614 -0.012469 0.077059
v 0.018945 -0.020598 0.077148
v 0.018314 -0.021006 0.075919
v 0.030346 -0.011705 0.081125
v 0.019985 -0.024566 0.081068
v 0.017401 -0.021776 0.080554
v 0.027320 -0.009224 0.080573
v 0.030564 -0.011652 0.080846
v 0.029529 -0.011377 0.079674
v 0.029443 -0.011324 0.079384
v 0.030706 -0.010964 0.081476
v 0.030346 -0.011705 0.081125
v 0.027598 -0.014762 0.073688
v 0.019158 -0.025161 0.080620
v 0.019708 -0.024661 0.081202
v 0.019515 -0.024886 0.081089
v 0.019515 -0.024886 0.081089
v 0.019263 -0.024949 0.081248
v 0.017852 -0.021474 0.079371
v 0.017379 -0.022351 0.081161
v 0.022554 -0.016677 0.074288
v 0.025527 -0.012616 0.075720
v 0.020947 -0.018478 0.074509
v 0.030711 -0.011347 0.080240
v 0.030412 -0.009021 0.081557
v 0.023590 -0.020198 0.068138
v 0.019263 -0.024949 0.081248
v 0.018594 -0.025493 0.081108
v 0.017491 -0.021642 0.077711
v 0.026755 -0.010298 0.077531
v 0.021469 -0.017944 0.074242
v 0.023342 -0.015604 0.074166
v 0.026259 -0.011288 0.075031
v 0.030089 -0.011100 0.079824
v 0.031038 -0.011381 0.081142
v 0.031038 -0.011381 0.081142
v 0.031967 -0.010484 0.081552
v 0.029224 -0.007504 0.081436
v 0.029751 -0.010612 0.078695
v 0.018324 -0.025474 0.081314
v 0.018594 -0.025493 0.081108
v 0.018455 -0.025275 0.079633
v 0.018604 -0.024616 0.075451
v 0.028160 -0.007782 0.080962
v 0.022546 -0.016383 0.074066
v 0.020857 -0.018098 0.074068
v 0.024002 -0.014866 0.074378
v 0.017489 -0.021720 0.077061
v 0.020967 -0.018310 0.074263
v 0.029745 -0.010849 0.079285
v 0.030051 -0.010255 0.079515
v 0.031341 -0.011171 0.081262
v 0.017891 -0.025786 0.081307
v 0.016024 -0.022947 0.080901
v 0.016210 -0.022601 0.080421
v 0.016178 -0.022530 0.076992
v 0.027579 -0.008493 0.078912
v 0.023450 -0.015260 0.074046
v 0.024353 -0.014272 0.074183
v 0.018653 -0.020752 0.074528
v 0.020397 -0.018926 0.074208
v 0.019080 -0.020223 0.074303
v 0.032030 -0.011054 0.080213
v 0.031836 -0.010811 0.079944
v 0.031096 -0.010697 0.079868
v 0.030359 -0.010339 0.079747
v 0.031991 -0.011119 0.081032
v 0.031341 -0.011171 0.081262
v 0.032045 -0.011159 0.080647
v 0.018324 -0.025474 0.081314
v 0.018403 -0.025702 0.081001
v 0.018181 -0.025746 0.081200
v 0.018181 -0.025746 0.081200
v 0.017530 -0.025805 0.079013
v 0.024187 -0.013808 0.073989
v 0.025787 -0.012099 0.074586
v 0.019730 -0.019212 0.074103
v 0.019164 -0.019925 0.074158
v 0.030428 -0.009726 0.079736
v 0.032277 -0.010695 0.081442
v 0.031991 -0.011119 0.081032
v 0.015676 -0.022952 0.079510
v 0.016313 -0.022339 0.076402
v 0.022419 -0.014082 0.074033
v 0.024940 -0.013170 0.074104
v 0.025764 -0.011935 0.074255
v 0.017581 -0.021489 0.075496
v 0.018626 -0.020310 0.074077
v 0.030808 -0.009146 0.079728
v 0.032344 -0.008978 0.081605
v 0.032219 -0.010986 0.081220
v 0.033055 -0.010785 0.080969
v 0.032219 -0.010986 0.081220
v 0.027566 -0.014891 0.069999
v 0.017413 -0.026287 0.081049
v 0.016896 -0.026513 0.080275
v 0.017891 -0.025786 0.081307
v 0.027342 -0.008883 0.078389
v 0.028099 -0.007182 0.080633
v 0.028500 -0.005658 0.080441
v 0.024853 -0.012883 0.074003
v 0.025115 -0.012767 0.074076
v 0.027194 -0.009149 0.076657
v 0.025506 -0.012011 0.074093
v 0.016774 -0.022146 0.075837
v 0.018110 -0.020994 0.074391
v 0.017200 -0.018514 0.074039
v 0.032678 -0.010596 0.080065
v 0.032395 -0.009028 0.079694
v 0.030541 -0.009087 0.079528
v 0.030130 -0.009561 0.075789
v 0.015965 -0.026446 0.081521
v 0.017079 -0.026136 0.079722
v 0.014930 -0.023361 0.080405
v 0.033975 -0.009132 0.079838
v 0.030416 -0.008906 0.079168
v 0.030588 -0.008313 0.076321
v 0.033302 -0.010363 0.081382
v 0.033500 -0.010130 0.081486
v 0.029643 -0.010814 0.070466
v 0.021451 -0.022275 0.065600
v 0.016970 -0.026246 0.081371
v 0.017413 -0.026287 0.081049
v 0.014613 -0.024771 0.081410
v 0.015828 -0.022814 0.076190
v 0.026483 -0.010539 0.074222
v 0.027274 -0.008921 0.074520
v 0.027764 -0.007825 0.076159
v 0.026381 -0.010305 0.074072
v 0.017516 -0.021566 0.074297
v 0.018027 -0.020765 0.074141
v 0.033344 -0.010386 0.080229
v 0.034231 -0.009359 0.079945
v 0.031071 -0.008559 0.079855
v 0.030785 -0.008288 0.079681
v 0.033116 -0.010593 0.081238
v 0.033116 -0.010593 0.081238
v 0.033617 -0.010357 0.081228
v 0.033302 -0.010363 0.081382
v 0.016556 -0.026725 0.081126
v 0.016761 -0.025766 0.072988
v 0.014071 -0.024257 0.081070
v 0.028042 -0.006857 0.077116
v 0.028131 -0.006825 0.078322
v 0.019278 -0.013731 0.074022
v 0.024459 -0.011388 0.074019
v 0.025179 -0.009443 0.073980
v 0.017683 -0.020809 0.074069
v 0.017386 -0.021406 0.074064
v 0.034117 -0.010168 0.080793
v 0.033617 -0.010357 0.081228
v 0.033857 -0.010135 0.081336
v 0.030022 -0.005534 0.081498
v 0.025327 -0.018169 0.066207
v 0.020523 -0.023082 0.064950
v 0.015999 -0.026934 0.081289
v 0.014339 -0.023770 0.080708
v 0.014223 -0.023697 0.077803
v 0.026742 -0.009881 0.074274
v 0.017246 -0.021676 0.074213
v 0.034265 -0.009995 0.080589
v 0.032337 -0.008288 0.079760
v 0.033857 -0.010135 0.081336
v 0.034805 -0.008472 0.081663
v 0.034150 -0.010080 0.081136
v 0.034150 -0.010080 0.081136
v 0.016556 -0.026725 0.081126
v 0.015048 -0.027546 0.080360
v 0.015793 -0.026694 0.079575
v 0.015253 -0.023068 0.074358
v 0.026709 -0.009383 0.074018
v 0.027035 -0.008962 0.074051
v 0.016534 -0.022165 0.074344
v 0.031191 -0.007688 0.079861
v 0.031117 -0.007377 0.079819
v 0.031504 -0.005018 0.078577
v 0.034354 -0.009856 0.081269
v 0.034354 -0.009856 0.081269
v 0.017751 -0.025146 0.069656
v 0.015059 -0.027091 0.081487
v 0.014771 -0.023381 0.076117
v 0.028982 -0.004637 0.080922
v 0.017159 -0.015013 0.074009
v 0.027215 -0.008816 0.074207
v 0.027739 -0.007425 0.074245
v 0.016327 -0.021877 0.074075
v 0.015968 -0.022470 0.074165
v 0.031142 -0.006769 0.079675
v 0.034922 -0.008822 0.081611
v 0.034717 -0.009695 0.081121
v 0.034950 -0.009514 0.080856
v 0.026992 -0.015809 0.065088
v 0.015999 -0.026934 0.081289
v 0.015106 -0.027589 0.080984
v 0.013465 -0.027659 0.079477
v 0.014069 -0.027373 0.079540
v 0.012559 -0.025847 0.081423
v 0.012328 -0.024697 0.080526
v 0.014185 -0.023514 0.074298
v 0.028156 -0.006691 0.074952
v 0.027585 -0.007640 0.074131
v 0.034681 -0.006833 0.079776
v 0.035430 -0.008693 0.080212
v 0.031377 -0.006810 0.079924
v 0.031385 -0.002858 0.081579
v 0.028393 -0.013439 0.068629
v 0.015520 -0.027293 0.081147
v 0.015520 -0.027293 0.081147
v 0.011313 -0.025395 0.080963
v 0.015050 -0.023071 0.074101
v 0.030141 -0.002863 0.081388
v 0.024276 -0.008722 0.074034
v 0.027499 -0.007328 0.074045
v 0.035316 -0.009084 0.081152
v 0.035105 -0.009110 0.081385
v 0.035105 -0.009110 0.081385
v 0.031053 -0.006612 0.073958
v 0.013138 -0.024255 0.077532
v 0.012419 -0.024514 0.074607
v 0.014168 -0.023230 0.074044
v 0.028716 -0.004585 0.078276
v 0.029082 -0.002781 0.080197
v 0.028976 -0.004047 0.080707
v 0.032027 -0.006003 0.079829
v 0.031328 -0.006531 0.079810
v 0.031396 -0.005747 0.079342
v 0.014873 -0.027576 0.081221
v 0.014873 -0.027576 0.081221
v 0.013552 -0.028248 0.081005
v 0.012112 -0.024873 0.080749
v 0.013564 -0.023855 0.074225
v 0.019876 -0.009986 0.073997
v 0.014553 -0.018694 0.074033
v 0.031788 -0.005778 0.079796
v 0.035541 -0.008013 0.081638
v 0.036037 -0.008339 0.081046
v 0.036122 -0.008224 0.080749
v 0.028197 -0.005990 0.074381
v 0.026029 -0.007387 0.074037
v 0.035564 -0.008082 0.079979
v 0.031546 -0.005908 0.079642
v 0.030735 -0.007826 0.070081
v 0.013987 -0.028020 0.081140
v 0.013427 -0.028184 0.081271
v 0.013987 -0.028020 0.081140
v 0.013794 -0.028145 0.080307
v 0.011799 -0.028301 0.081546
v 0.014620 -0.026981 0.075292
v 0.012710 -0.024185 0.074211
v 0.012637 -0.023809 0.074028
v 0.028731 -0.004066 0.076100
v 0.016268 -0.010343 0.074013
v 0.027979 -0.005857 0.074080
v 0.035876 -0.006632 0.079885
v 0.036326 -0.004475 0.081691
v 0.035691 -0.006997 0.081693
v 0.036022 -0.008060 0.081392
v 0.035316 -0.009084 0.081152
v 0.029062 -0.012073 0.068360
v 0.018899 -0.024352 0.067014
v 0.012809 -0.028274 0.081403
v 0.028994 -0.002976 0.077583
v 0.029644 -0.001799 0.081019
v 0.027740 -0.005722 0.073985
v 0.014387 -0.014899 0.074029
v 0.034012 -0.004100 0.079826
v 0.031825 -0.004914 0.079900
v 0.036516 -0.006616 0.080113
v 0.031642 -0.005171 0.079770
v 0.036101 -0.007767 0.081472
v 0.036022 -0.008060 0.081392
v 0.036247 -0.007601 0.080304
v 0.024277 -0.019406 0.064164
v 0.013552 -0.028248 0.081005
v 0.009581 -0.025755 0.080508
v 0.011006 -0.025239 0.076044
v 0.028377 -0.005437 0.074245
v 0.036310 -0.007277 0.081514
v 0.036310 -0.007531 0.081414
v 0.036210 -0.007950 0.081237
v 0.036210 -0.007950 0.081237
v 0.036101 -0.007767 0.081472
v 0.036310 -0.007531 0.081414
v 0.036965 -0.006638 0.080822
v 0.028286 -0.013585 0.063850
v 0.013427 -0.028184 0.081271
v 0.013227 -0.028374 0.081061
v 0.009025 -0.026451 0.081139
v 0.011693 -0.023109 0.074060
v 0.025697 -0.003426 0.074032
v 0.010973 -0.019637 0.074032
v 0.032071 -0.004279 0.079965
v 0.031943 -0.002639 0.078826
v 0.031813 -0.003452 0.076623
v 0.036678 -0.006139 0.081608
v 0.036909 -0.006268 0.081416
v 0.036782 -0.006957 0.081222
v 0.036310 -0.007277 0.081514
v 0.036712 -0.007210 0.081033
v 0.036782 -0.006957 0.081222
v 0.014366 -0.027040 0.067571
v 0.011923 -0.028915 0.080318
v 0.012438 -0.028738 0.081034
v 0.013227 -0.028374 0.081061
v 0.012204 -0.028029 0.074050
v 0.009193 -0.028829 0.081530
v 0.011945 -0.024791 0.074401
v 0.012029 -0.024551 0.074149
v 0.011229 -0.024600 0.074023
v 0.028760 -0.003831 0.074362
v 0.013327 -0.013385 0.074018
v 0.018467 -0.007056 0.073998
v 0.031968 -0.003977 0.079843
v 0.035271 -0.002918 0.081627
v 0.012616 -0.028540 0.081268
v 0.012616 -0.028540 0.081268
v 0.011318 -0.028533 0.079662
v 0.012129 -0.028206 0.079479
v 0.011831 -0.028825 0.081294
v 0.008418 -0.027530 0.081468
v 0.010478 -0.025451 0.078617
v 0.011804 -0.022071 0.074017
v 0.028487 -0.003948 0.074092
v 0.029181 -0.002207 0.078695
v 0.023317 -0.006080 0.073979
v 0.011998 -0.016413 0.074035
v 0.036394 -0.005306 0.079848
v 0.036745 -0.006604 0.080336
v 0.032095 -0.002940 0.079398
v 0.037075 -0.005642 0.081458
v 0.037053 -0.005958 0.081363
v 0.036909 -0.006268 0.081416
v 0.037281 -0.005583 0.081216
v 0.037053 -0.005958 0.081363
v 0.012438 -0.028738 0.081034
v 0.009845 -0.025562 0.076124
v 0.011072 -0.024854 0.074103
v 0.029111 -0.002470 0.076184
v 0.029357 -0.001486 0.080599
v 0.032328 -0.002836 0.079627
v 0.037145 -0.003718 0.081642
v 0.037075 -0.005642 0.081458
v 0.037297 -0.005656 0.080875
v 0.011511 -0.029101 0.080910
v 0.011831 -0.028825 0.081294
v 0.011325 -0.028365 0.075327
v 0.008678 -0.026155 0.080718
v 0.011612 -0.028991 0.081176
v 0.009583 -0.025570 0.074292
v 0.028535 -0.002812 0.074055
v 0.028886 -0.002317 0.074169
v 0.036637 -0.002514 0.079851
v 0.037281 -0.005583 0.081216
v 0.037219 -0.004938 0.081443
v 0.037172 -0.005352 0.080327
v 0.030785 -0.007766 0.065756
v 0.010466 -0.029225 0.079984
v 0.010270 -0.029290 0.081351
v 0.011612 -0.028991 0.081176
v 0.009960 -0.025067 0.074029
v 0.027195 -0.002822 0.074064
v 0.029066 -0.002314 0.074458
v 0.029233 -0.001206 0.076436
v 0.029734 -0.000210 0.080969
v 0.030478 0.000143 0.081399
v 0.012418 -0.008848 0.074024
v 0.032618 -0.002543 0.079710
v 0.031618 -0.004268 0.073098
v 0.036277 -0.001462 0.081703
v 0.037490 -0.003995 0.081305
v 0.031365 -0.005572 0.068568
v 0.015463 -0.026448 0.059760
v 0.010470 -0.029420 0.080324
v 0.009772 -0.025354 0.074114
v 0.029417 0.000460 0.078755
v 0.031014 0.000032 0.081516
v 0.033740 -0.000151 0.081625
v 0.037091 -0.003162 0.080021
v 0.034817 -0.002886 0.079862
v 0.037458 -0.003673 0.081436
v 0.037219 -0.004938 0.081443
v 0.037490 -0.003995 0.081305
v 0.010244 -0.028896 0.079645
v 0.009930 -0.029637 0.080981
v 0.009038 -0.025948 0.079009
v 0.009440 -0.025334 0.074044
v 0.022997 -0.003210 0.074011
v 0.020308 -0.002044 0.073980
v 0.019689 -0.005036 0.073994
v 0.037564 -0.003101 0.080399
v 0.032647 -0.000898 0.079738
v 0.032196 -0.000908 0.079094
v 0.032266 0.000630 0.078034
v 0.037651 -0.003407 0.081196
v 0.037458 -0.003673 0.081436
v 0.037714 -0.003115 0.080686
v 0.017976 -0.024967 0.059500
v 0.023264 -0.020535 0.059788
v 0.006702 -0.026577 0.080342
v 0.009930 -0.029637 0.080981
v 0.009213 -0.029335 0.081502
v 0.005842 -0.027155 0.081032
v 0.008376 -0.026058 0.074775
v 0.009269 -0.025581 0.074208
v 0.009759 -0.017544 0.074037
v 0.032612 -0.000287 0.079622
v 0.031950 -0.002291 0.074009
v 0.035351 0.001757 0.081626
v 0.037436 -0.001445 0.081612
v 0.037766 -0.003102 0.080990
v 0.030126 -0.009690 0.062228
v 0.026347 -0.016791 0.059515
v 0.009393 -0.029044 0.079338
v 0.009637 -0.029637 0.081132
v 0.007807 -0.026305 0.078724
v 0.008343 -0.023335 0.074040
v 0.028953 -0.000021 0.074119
v 0.028906 -0.001790 0.074126
v 0.029299 -0.000313 0.077429
v 0.010029 -0.013140 0.074026
v 0.037622 -0.002554 0.081382
v 0.037731 -0.002792 0.081200
v 0.037731 -0.002792 0.081200
v 0.037651 -0.003407 0.081196
v 0.020786 -0.022846 0.057651
v 0.009073 -0.029902 0.080506
v 0.009067 -0.029844 0.081136
v 0.009375 -0.029797 0.080923
v 0.009637 -0.029637 0.081132
v 0.009375 -0.029797 0.080923
v 0.007866 -0.025886 0.074125
v 0.029189 -0.000722 0.074309
v 0.029124 -0.000224 0.074218
v 0.015189 -0.006209 0.074012
v 0.037468 -0.002440 0.080110
v 0.029668 -0.010881 0.060028
v 0.018367 -0.024718 0.056744
v 0.008217 -0.030003 0.080164
v 0.010165 -0.028697 0.067768
v 0.005995 -0.026915 0.080835
v 0.009067 -0.029844 0.081136
v 0.007904 -0.029521 0.081511
v 0.004253 -0.028309 0.081430
v 0.006954 -0.026475 0.077553
v 0.007629 -0.026040 0.074274
v 0.029391 0.001126 0.075871
v 0.029488 0.001329 0.080404
v 0.037068 -0.001550 0.079946
v 0.037891 -0.001388 0.080776
v 0.024955 -0.018609 0.058438
v 0.009380 -0.029180 0.079645
v 0.008756 -0.029925 0.080952
v 0.007036 -0.025969 0.074069
v 0.029700 0.002655 0.080872
v 0.016858 -0.003251 0.074015
v 0.035473 -0.000557 0.079834
v 0.032566 0.000922 0.079523
v 0.037884 -0.000514 0.081227
v 0.037622 -0.002554 0.081382
v 0.008496 -0.029198 0.074888
v 0.006725 -0.025440 0.074021
v 0.027576 -0.000183 0.074024
v 0.029440 0.002347 0.077816
v 0.024576 -0.001207 0.074010
v 0.033719 0.000732 0.079900
v 0.036759 0.000646 0.081732
v 0.037884 -0.000514 0.081227
v 0.037543 -0.000845 0.080092
v 0.028934 -0.012437 0.059609
v 0.005391 -0.026883 0.080635
v 0.007717 -0.029859 0.081425
v 0.008756 -0.029925 0.080952
v 0.006640 -0.026396 0.074415
v 0.029307 0.001834 0.074340
v 0.031229 -0.006245 0.061440
v 0.032043 -0.001814 0.065907
v 0.007402 -0.029662 0.079732
v 0.007200 -0.029462 0.069690
v 0.007365 -0.030276 0.081043
v 0.007533 -0.030093 0.081301
v 0.006802 -0.026177 0.074206
v 0.005069 -0.022687 0.074029
v 0.029000 0.001069 0.074043
v 0.033591 0.005136 0.081603
v 0.030467 0.003472 0.081413
v 0.006708 -0.018439 0.074021
v 0.036528 0.000592 0.079880
v 0.034161 0.001718 0.079835
v 0.033130 0.001523 0.079762
v 0.037393 -0.000204 0.081618
v 0.037691 0.000204 0.080217
v 0.008072 -0.029288 0.079294
v 0.004759 -0.026934 0.079280
v 0.007365 -0.030276 0.081043
v 0.006991 -0.030288 0.080190
v 0.006294 -0.030183 0.081380
v 0.005259 -0.026740 0.074393
v 0.004869 -0.025264 0.074071
v 0.029239 0.001255 0.074221
v 0.029904 0.002754 0.081071
v 0.030706 0.004585 0.081516
v 0.017037 -0.000428 0.074000
v 0.032432 0.002800 0.078973
v 0.032154 -0.000372 0.071774
v 0.006703 -0.029584 0.077225
v 0.006994 -0.029519 0.076574
v 0.006858 -0.029533 0.074022
v 0.007048 -0.029494 0.071452
v 0.004885 -0.029944 0.081539
v 0.002913 -0.027214 0.078811
v 0.005772 -0.026132 0.074024
v 0.029361 0.003219 0.076478
v 0.029419 0.004697 0.080570
v 0.013782 -0.004047 0.074039
v 0.037053 0.001213 0.079987
v 0.032564 0.002740 0.079325
v 0.032921 0.003054 0.079741
v 0.037856 0.001489 0.080598
v 0.030774 -0.007834 0.062057
v 0.006324 -0.029692 0.079310
v 0.006600 -0.029594 0.077957
v 0.006811 -0.029554 0.075395
v 0.007257 -0.029465 0.074901
v 0.006378 -0.030437 0.081089
v 0.006548 -0.029805 0.079596
v 0.005192 -0.026818 0.075259
v 0.005524 -0.026587 0.074202
v 0.028988 0.002753 0.074094
v 0.007963 -0.012041 0.074059
v 0.037565 0.001372 0.081561
v 0.037820 0.001353 0.081303
v 0.006685 -0.029585 0.076631
v 0.006733 -0.029574 0.076304
v 0.006685 -0.029585 0.076631
v 0.006733 -0.029574 0.076304
v 0.006994 -0.029519 0.076574
v 0.006811 -0.029554 0.075395
v 0.006858 -0.029533 0.074022
v 0.007257 -0.029465 0.074901
v 0.006152 -0.030525 0.080482
v 0.006307 -0.030516 0.080784
v 0.006378 -0.030437 0.081089
v 0.005841 -0.030587 0.080422
v 0.006231 -0.030264 0.079972
v 0.026659 0.001745 0.074065
v 0.029533 0.004027 0.080771
v 0.019763 -0.000404 0.073987
v 0.036443 0.002777 0.081722
v 0.037263 0.002496 0.081607
v 0.032184 0.000349 0.069376
v 0.011709 -0.028172 0.060673
v 0.006079 -0.030524 0.081005
v 0.006079 -0.030524 0.081005
v 0.005792 -0.030548 0.081102
v 0.006079 -0.030524 0.081005
v 0.005792 -0.030548 0.081102
v 0.006307 -0.030516 0.080784
v 0.004951 -0.026682 0.074253
v 0.004494 -0.021340 0.074011
v 0.029203 0.002519 0.074177
v 0.029142 0.005653 0.074844
v 0.032229 0.001747 0.075256
v 0.034043 0.002943 0.079923
v 0.037640 0.001667 0.081448
v 0.037904 0.001469 0.080973
v 0.037820 0.001353 0.081303
v 0.031930 -0.002748 0.056001
v 0.006600 -0.029594 0.077957
v 0.006324 -0.029692 0.079310
v 0.006703 -0.029584 0.077225
v 0.006681 -0.029565 0.072399
v 0.003729 -0.027070 0.080389
v 0.005841 -0.030587 0.080422
v 0.006152 -0.030525 0.080482
v 0.005594 -0.030631 0.080859
v 0.006231 -0.030264 0.079972
v 0.005483 -0.029919 0.079658
v 0.006548 -0.029805 0.079596
v 0.004367 -0.030637 0.081275
v 0.005594 -0.030631 0.080859
v 0.005349 -0.030310 0.081437
v 0.002547 -0.030201 0.081523
v 0.003367 -0.027066 0.075965
v 0.004546 -0.026588 0.074160
v 0.027979 0.002668 0.074039
v 0.009866 -0.006224 0.074013
v 0.037385 0.002241 0.080151
v 0.032597 0.003603 0.079620
v 0.032443 0.003721 0.079373
v 0.032266 0.005995 0.079239
v 0.032757 0.003865 0.079742
v 0.013539 -0.027395 0.057055
v 0.006494 -0.029599 0.071836
v 0.006862 -0.029528 0.069814
v 0.006494 -0.029599 0.071836
v 0.007798 -0.029348 0.067068
v 0.006453 -0.029598 0.070293
v 0.004979 -0.030715 0.080983
v 0.004979 -0.030715 0.080983
v 0.004758 -0.030702 0.080139
v 0.003008 -0.018144 0.074053
v 0.036775 0.002697 0.079918
v 0.035683 0.003751 0.079912
v 0.037686 0.002361 0.081217
v 0.037518 0.002582 0.081394
v 0.037640 0.001667 0.081448
v 0.037686 0.002361 0.081217
v 0.022480 -0.021335 0.052578
v 0.027560 -0.014954 0.056117
v 0.017012 -0.025579 0.054139
v 0.004670 -0.029927 0.079422
v 0.006681 -0.029565 0.072399
v 0.006484 -0.029610 0.071107
v 0.006484 -0.029610 0.071107
v 0.007048 -0.029494 0.071452
v 0.006977 -0.029505 0.068819
v 0.004333 -0.030294 0.081460
v 0.003902 -0.026515 0.074058
v 0.002139 -0.023827 0.074029
v 0.023497 0.002305 0.073996
v 0.028934 0.003349 0.074082
v 0.029179 0.003997 0.074284
v 0.029072 0.006137 0.078630
v 0.034698 0.004777 0.081680
v 0.006831 -0.006871 0.074033
v 0.009083 -0.003937 0.073997
v 0.036126 0.004353 0.081658
v 0.037526 0.003070 0.081085
v 0.037518 0.002582 0.081394
v 0.025726 -0.017662 0.055689
v 0.006730 -0.029550 0.069006
v 0.004083 -0.030834 0.080794
v 0.004654 -0.030720 0.081117
v 0.004654 -0.030720 0.081117
v 0.003465 -0.030748 0.079980
v 0.002472 -0.027160 0.078008
v 0.002739 -0.027102 0.074504
v 0.002684 -0.026994 0.074173
v 0.027133 0.004019 0.074002
v 0.029226 0.005796 0.080575
v 0.030257 0.005104 0.081393
v 0.037454 0.002651 0.080304
v 0.037526 0.003070 0.081085
v 0.037379 0.003429 0.081146
v 0.037439 0.003212 0.080588
v 0.029718 -0.010622 0.057182
v 0.009374 -0.028939 0.062149
v 0.005084 -0.029830 0.067555
v 0.006977 -0.029505 0.068819
v 0.006730 -0.029550 0.069006
v 0.006750 -0.029547 0.069310
v 0.006862 -0.029528 0.069814
v 0.006750 -0.029547 0.069310
v 0.007200 -0.029462 0.069690
v 0.006734 -0.029557 0.068344
v 0.006453 -0.029598 0.070293
v 0.004083 -0.030834 0.080794
v 0.004394 -0.030071 0.079647
v 0.003476 -0.030834 0.081129
v 0.000878 -0.027736 0.081119
v 0.002261 -0.025963 0.074014
v 0.025231 0.004236 0.074013
v 0.028775 0.004373 0.074036
v 0.029010 0.006532 0.076152
v 0.029417 0.007770 0.081166
v 0.007001 -0.005638 0.074026
v 0.022091 0.005233 0.073972
v 0.004161 -0.015906 0.074072
v 0.032615 0.005197 0.079635
v 0.034889 0.004823 0.079753
v 0.032234 0.002308 0.067676
v 0.032131 0.004401 0.073955
v 0.037016 0.004018 0.081278
v 0.037184 0.003728 0.081275
v 0.037287 0.003713 0.080985
v 0.037379 0.003429 0.081146
v 0.037287 0.003713 0.080985
v 0.032171 -0.000278 0.063556
v 0.006734 -0.029557 0.068344
v 0.006399 -0.029614 0.067037
v 0.006877 -0.029545 0.066260
v 0.003017 -0.030965 0.080404
v 0.001451 -0.028101 0.081312
v 0.029127 0.005308 0.074376
v 0.031286 0.007735 0.081578
v 0.018026 0.002175 0.073975
v 0.005841 -0.010898 0.074058
v 0.032154 0.004635 0.076268
v 0.037184 0.003728 0.081275
v 0.037131 0.004022 0.080989
v 0.037016 0.004018 0.081278
v 0.037144 0.003975 0.080682
v 0.021281 -0.022441 0.051142
v 0.002973 -0.030327 0.079702
v 0.003476 -0.030834 0.081129
v 0.002452 -0.030985 0.080925
v 0.000042 -0.027278 0.080268
v 0.002415 -0.030827 0.081251
v 0.027576 0.005425 0.074048
v 0.028983 0.005562 0.074203
v 0.029345 0.006049 0.080814
v 0.029030 0.007348 0.080642
v 0.030750 0.006699 0.081526
v 0.013876 0.002687 0.074009
v 0.004489 -0.014161 0.074098
v 0.036708 0.004313 0.080251
v 0.006418 -0.029626 0.064993
v 0.006445 -0.029613 0.066725
v 0.002452 -0.030985 0.080925
v 0.000846 -0.027243 0.075955
v 0.002123 -0.024895 0.074091
v 0.028801 0.005818 0.074106
v 0.033597 0.006594 0.081621
v 0.035214 0.005583 0.081586
v 0.036174 0.005064 0.081439
v 0.035900 0.005215 0.080025
v 0.032333 0.006323 0.079425
v 0.035721 0.004892 0.079885
v 0.034773 0.005861 0.079820
v 0.037131 0.004022 0.080989
v 0.036601 0.004900 0.080984
v 0.036601 0.004900 0.080984
v 0.030514 -0.008608 0.055551
v 0.006445 -0.029613 0.066725
v 0.006877 -0.029545 0.066260
v 0.006399 -0.029614 0.067037
v 0.001715 -0.030216 0.079516
v 0.000550 -0.028597 0.081446
v 0.000617 -0.027335 0.080619
v 0.001371 -0.030724 0.081384
v 0.001379 -0.020957 0.074033
v -0.002218 -0.023493 0.074017
v 0.026975 0.005485 0.074106
v 0.028819 0.007964 0.080367
v 0.019014 0.003971 0.073985
v 0.004893 -0.011524 0.074289
v 0.002968 -0.016379 0.074323
v 0.004248 -0.013578 0.074279
v 0.033674 0.006759 0.079928
v 0.036398 0.005128 0.081164
v 0.036439 0.005133 0.080775
v 0.024318 -0.019452 0.049664
v 0.006418 -0.029626 0.064993
v 0.001209 -0.027191 0.078086
v 0.001852 -0.030939 0.081215
v 0.000927 -0.030270 0.081509
v 0.000929 -0.026993 0.074202
v 0.000759 -0.024663 0.074015
v 0.022893 0.006472 0.074006
v 0.028850 0.006528 0.074295
v 0.028642 0.008657 0.079035
v 0.031934 0.008012 0.081570
v 0.034982 0.006385 0.081338
v 0.035559 0.006101 0.081090
v 0.036250 0.005369 0.080955
v 0.005314 -0.009509 0.074328
v 0.002879 -0.015121 0.074313
v 0.032846 0.006696 0.079743
v 0.036098 0.005321 0.080228
v 0.036439 0.005133 0.080775
v 0.028924 -0.012436 0.052504
v 0.026071 -0.017220 0.051091
v 0.006897 -0.029529 0.063223
v 0.001736 -0.030679 0.079841
v 0.001341 -0.031082 0.080381
v 0.000090 -0.027166 0.074349
v 0.028642 0.008294 0.075937
v 0.028791 0.007470 0.077199
v 0.030205 0.009326 0.081551
v 0.033661 0.007291 0.081286
v 0.034369 0.006964 0.081226
v 0.035808 0.005873 0.080893
v 0.035519 0.006158 0.080747
v 0.036065 0.005594 0.080801
v 0.036065 0.005594 0.080801
v 0.036250 0.005369 0.080955
v 0.005867 -0.007404 0.074295
v 0.007502 -0.003369 0.074010
v 0.010398 0.001066 0.073988
v 0.003675 -0.012966 0.074289
v 0.033984 0.007251 0.080277
v 0.035040 0.006061 0.079987
v 0.035712 0.005799 0.080261
v 0.034938 0.006529 0.080341
v 0.031588 0.008151 0.075072
v 0.031521 -0.005022 0.051978
v 0.015878 -0.026239 0.053347
v 0.001896 -0.030115 0.071280
v 0.001903 -0.030936 0.080128
v 0.001852 -0.030939 0.081215
v 0.001312 -0.031023 0.080924
v 0.000474 -0.030956 0.081157
v -0.000226 -0.027276 0.077668
v 0.000196 -0.027196 0.076845
v 0.001167 -0.026412 0.074088
v 0.000183 -0.027305 0.075820
v 0.001335 -0.019685 0.074295
v 0.027841 0.006638 0.074026
v 0.028632 0.007147 0.074236
v 0.028738 0.007424 0.074363
v 0.028798 0.007897 0.076597
v 0.028440 0.009696 0.080616
v 0.029647 0.009021 0.081409
v 0.032479 0.007981 0.081290
v 0.035048 0.006575 0.080684
v 0.035262 0.006357 0.080524
v 0.035048 0.006575 0.080684
v 0.035262 0.006357 0.080524
v 0.035710 0.005946 0.080575
v 0.035808 0.005873 0.080893
v 0.035710 0.005946 0.080575
v 0.035519 0.006158 0.080747
v 0.002444 -0.017296 0.074349
v 0.004452 -0.011133 0.074331
v 0.004540 -0.009908 0.074264
v 0.005232 -0.008232 0.074317
v 0.002402 -0.016473 0.074302
v 0.031810 0.007852 0.079321
v 0.034938 0.006529 0.080341
v 0.034751 0.006787 0.080603
v 0.034543 0.006853 0.080377
v 0.034751 0.006787 0.080603
v 0.032205 0.003647 0.059114
v 0.006129 -0.029682 0.064421
v 0.019075 -0.024186 0.052358
v 0.006129 -0.029682 0.064421
v -0.001510 -0.027261 0.079176
v 0.000900 -0.030455 0.079658
v -0.000833 -0.027846 0.081189
v 0.000659 -0.031017 0.080895
v 0.000659 -0.031017 0.080895
v 0.001312 -0.031023 0.080924
v 0.000655 -0.027026 0.074113
v 0.000379 -0.026833 0.074034
v -0.000367 -0.025821 0.073987
v 0.033157 0.007670 0.081091
v 0.005192 -0.007109 0.074233
v 0.004324 -0.008631 0.074050
v 0.001603 -0.018413 0.074334
v 0.002448 -0.014450 0.074035
v 0.003903 -0.010854 0.074094
v 0.033313 0.007318 0.080042
v 0.032246 0.007746 0.079787
v 0.034543 0.006853 0.080377
v 0.033811 0.007421 0.080493
v 0.033984 0.007251 0.080277
v 0.006716 -0.029569 0.062722
v 0.006897 -0.029529 0.063223
v 0.006340 -0.029650 0.062904
v 0.002403 -0.030137 0.062858
v 0.000542 -0.030906 0.079971
v 0.000474 -0.030956 0.081157
v -0.000151 -0.030944 0.081168
v -0.002070 -0.028605 0.081428
v -0.001124 -0.027127 0.074326
v -0.000612 -0.024163 0.074022
v 0.000142 -0.020349 0.074272
v 0.027700 0.007820 0.074061
v 0.028514 0.008789 0.074457
v 0.028395 0.009235 0.077153
v 0.032750 0.008090 0.080823
v 0.006296 -0.004442 0.074298
v 0.032578 0.007972 0.080234
v 0.033469 0.007529 0.080362
v 0.033811 0.007421 0.080493
v 0.032027 0.005535 0.066158
v 0.006451 -0.029619 0.062181
v 0.006779 -0.029558 0.061212
v 0.006340 -0.029650 0.062904
v -0.000977 -0.030531 0.081424
v -0.002066 -0.030329 0.081482
v 0.028226 0.008470 0.074026
v 0.028497 0.010022 0.080885
v 0.032116 0.009489 0.081152
v 0.031779 0.008855 0.081491
v 0.032392 0.008468 0.081108
v 0.032518 0.008374 0.080785
v 0.032865 0.007970 0.080520
v 0.032865 0.007970 0.080520
v 0.033469 0.007529 0.080362
v 0.032518 0.008374 0.080785
v 0.032750 0.008090 0.080823
v 0.004657 -0.008167 0.074077
v 0.005016 -0.006369 0.074043
v 0.003654 -0.010648 0.074044
v 0.000770 -0.018338 0.074059
v 0.002341 -0.012544 0.074081
v 0.001213 -0.013558 0.074051
v 0.031148 0.010160 0.077168
v 0.032373 0.008525 0.080485
v 0.006361 -0.029639 0.062515
v 0.006361 -0.029639 0.062515
v 0.006716 -0.029569 0.062722
v 0.013297 -0.027510 0.050598
v 0.006127 -0.029679 0.062118
v -0.001247 -0.027289 0.080627
v -0.000151 -0.030944 0.081168
v -0.000326 -0.031030 0.080920
v -0.001070 -0.030818 0.081248
v -0.001193 -0.031047 0.080564
v -0.000808 -0.026994 0.074212
v -0.001497 -0.022301 0.074272
v 0.028230 0.011645 0.081111
v 0.030701 0.011478 0.081585
v 0.005988 -0.003773 0.074227
v 0.001224 -0.016148 0.074041
v 0.001479 -0.013006 0.074235
v 0.001218 -0.011521 0.074062
v 0.006127 -0.029679 0.062118
v 0.006451 -0.029619 0.062181
v -0.000615 -0.030323 0.079665
v -0.001227 -0.030124 0.070217
v -0.002165 -0.027478 0.080985
v -0.000059 -0.030727 0.079801
v -0.000326 -0.031030 0.080920
v -0.000297 -0.019863 0.074034
v 0.005291 -0.004243 0.074013
v 0.006589 -0.002854 0.074290
v 0.020169 0.006231 0.073982
v -0.000639 -0.015377 0.074053
v 0.001749 -0.012539 0.074232
v 0.031337 0.010021 0.079598
v 0.031788 0.007340 0.066175
v 0.032184 -0.000032 0.057269
v 0.006875 -0.029551 0.060376
v 0.006699 -0.029581 0.059416
v 0.006915 -0.029532 0.060820
v 0.006779 -0.029558 0.061212
v 0.006035 -0.029696 0.061778
v 0.006915 -0.029532 0.060820
v 0.006035 -0.029696 0.061778
v -0.003351 -0.027274 0.080879
v -0.002054 -0.026746 0.074053
v -0.001556 -0.021844 0.074285
v -0.000583 -0.017227 0.074050
v 0.026774 0.008657 0.074062
v 0.027704 0.010528 0.074125
v 0.028128 0.009607 0.074209
v 0.032392 0.008468 0.081108
v 0.032116 0.009489 0.081152
v 0.031787 0.010758 0.080455
v 0.028267 0.013433 0.081418
v 0.031686 0.011050 0.081138
v 0.032108 0.009764 0.080978
v 0.032108 0.009764 0.080978
v -0.000254 -0.016526 0.074245
v 0.000166 -0.012823 0.074296
v 0.000891 -0.012166 0.074107
v 0.027808 -0.014547 0.050718
v 0.006875 -0.029551 0.060376
v -0.003055 -0.027033 0.076142
v -0.001622 -0.030977 0.081025
v -0.001070 -0.030818 0.081248
v -0.001756 -0.030817 0.081264
v -0.001622 -0.030977 0.081025
v -0.001609 -0.020895 0.074028
v 0.031543 0.011753 0.080651
v 0.031686 0.011050 0.081138
v 0.005841 -0.001295 0.074001
v 0.006322 -0.001659 0.074227
v 0.012845 0.005897 0.073978
v 0.024264 0.008792 0.074019
v 0.001983 -0.009305 0.074018
v 0.006699 -0.029581 0.059416
v 0.006556 -0.029621 0.058525
v 0.008393 -0.029204 0.055156
v -0.003083 -0.030059 0.079420
v -0.002491 -0.027105 0.080001
v -0.003348 -0.027052 0.078615
v -0.005686 -0.029755 0.081485
v -0.002034 -0.030921 0.080120
v -0.002285 -0.030925 0.080965
v -0.002285 -0.030925 0.080965
v -0.001756 -0.030817 0.081264
v -0.002518 -0.030815 0.081166
v -0.002184 -0.027131 0.074758
v -0.001742 -0.027013 0.074183
v 0.028124 0.010467 0.076527
v 0.031205 0.012309 0.081229
v 0.015985 0.007328 0.073983
v 0.000036 -0.013752 0.074068
v -0.000498 -0.014855 0.074105
v 0.000332 -0.012273 0.074242
v 0.031283 0.009644 0.073258
v 0.026956 -0.015920 0.049533
v 0.006297 -0.029659 0.057705
v 0.005314 -0.029818 0.057831
v 0.011216 -0.028356 0.052575
v 0.022051 -0.021775 0.047308
v -0.005723 -0.027096 0.081062
v -0.003075 -0.027097 0.080375
v -0.002081 -0.030388 0.079679
v -0.002880 -0.027013 0.074532
v -0.002294 -0.025764 0.074083
v -0.002586 -0.020778 0.074004
v 0.028100 0.010225 0.074415
v 0.027836 0.011965 0.080824
v 0.030059 0.014071 0.081504
v 0.031200 0.010150 0.079300
v 0.001539 -0.005746 0.074020
v 0.001322 -0.006942 0.074043
v 0.008015 0.002528 0.073993
v 0.001362 -0.010624 0.074161
v -0.001664 -0.015839 0.074287
v -0.000585 -0.014336 0.074279
v -0.000391 -0.012543 0.074252
v 0.000814 -0.010808 0.074230
v 0.000184 -0.011562 0.074271
v 0.030395 -0.008940 0.052045
v -0.002650 -0.030738 0.079921
v -0.002518 -0.030815 0.081166
v -0.002834 -0.030856 0.081094
v -0.002834 -0.030856 0.081094
v -0.002969 -0.030693 0.081298
v -0.002698 -0.026894 0.074295
v -0.003042 -0.026516 0.074043
v -0.003761 -0.026333 0.073990
v 0.027812 0.011195 0.074512
v 0.027545 0.012243 0.079138
v 0.031205 0.012309 0.081229
v 0.027313 0.013912 0.081096
v 0.002045 -0.003152 0.073999
v 0.007215 0.000402 0.074239
v 0.001269 -0.009261 0.074105
v -0.000973 -0.013133 0.074064
v -0.000402 -0.012010 0.074044
v -0.004155 -0.029840 0.076536
v -0.004666 -0.026878 0.080469
v -0.003373 -0.026942 0.077480
v -0.004311 -0.030432 0.081365
v -0.003139 -0.022618 0.074163
v -0.001711 -0.016839 0.074029
v -0.002503 -0.017217 0.074048
v 0.027632 0.011215 0.074208
v 0.027497 0.012500 0.080664
v 0.029064 0.013572 0.081533
v 0.008355 0.005968 0.073951
v 0.000951 -0.009788 0.074246
v 0.001196 -0.007711 0.074203
v 0.001006 -0.008689 0.074220
v 0.000649 -0.009255 0.074283
v -0.002742 -0.014632 0.074119
v -0.001500 -0.012482 0.074263
v 0.031186 0.010061 0.067894
v 0.006556 -0.029621 0.058525
v -0.004303 -0.030691 0.081070
v -0.004303 -0.030691 0.081070
v -0.003547 -0.027022 0.075874
v -0.003294 -0.021562 0.074281
v -0.003987 -0.021430 0.074295
v -0.002827 -0.015890 0.074274
v 0.024240 0.011070 0.074030
v 0.026165 0.010833 0.074020
v 0.031258 0.012557 0.080937
v 0.031050 0.013222 0.080925
v 0.006038 0.000481 0.073986
v 0.006718 0.000886 0.074239
v 0.014607 0.009824 0.073961
v 0.000396 -0.010361 0.074066
v 0.000582 -0.007987 0.074033
v -0.002224 -0.014224 0.074245
v -0.000952 -0.010335 0.074215
v -0.001304 -0.011310 0.074026
v -0.000589 -0.010028 0.074219
v 0.030538 0.012225 0.078103
v 0.031277 -0.006075 0.046691
v 0.029429 -0.011417 0.047198
v 0.006314 -0.029642 0.058011
v -0.001427 -0.030143 0.064341
v -0.002722 -0.030143 0.079551
v -0.003300 -0.030881 0.080313
v -0.003998 -0.030716 0.080080
v -0.003282 -0.026693 0.074089
v -0.004391 -0.026610 0.074128
v -0.004277 -0.022287 0.074027
v 0.027185 0.011744 0.074115
v 0.027254 0.012948 0.077375
v 0.026990 0.013474 0.079902
v 0.031121 0.012919 0.081082
v 0.030863 0.013486 0.081153
v 0.031258 0.012557 0.080937
v 0.031121 0.012919 0.081082
v 0.030823 0.013688 0.080422
v 0.000303 -0.006803 0.074255
v 0.000902 -0.006424 0.074201
v 0.019293 0.012140 0.073958
v 0.000042 -0.009806 0.074033
v 0.000425 -0.008805 0.074269
v -0.001554 -0.013886 0.074315
v 0.006314 -0.029642 0.058011
v 0.006297 -0.029659 0.057705
v -0.005445 -0.026669 0.077002
v -0.007944 -0.027592 0.081418
v -0.005543 -0.026869 0.080835
v -0.003848 -0.030144 0.079640
v -0.004884 -0.026721 0.074313
v 0.027348 0.012086 0.074248
v 0.027347 0.012382 0.074474
v 0.031050 0.013222 0.080925
v 0.030212 0.013527 0.079519
v 0.030232 0.013229 0.079238
v 0.001348 -0.004813 0.074152
v 0.001696 -0.001230 0.074026
v -0.000514 -0.008047 0.074238
v -0.002145 -0.012693 0.074215
v 0.031848 -0.003291 0.051838
v 0.025060 -0.018521 0.047527
v 0.006309 -0.029648 0.057043
v 0.019498 -0.023909 0.045324
v -0.004628 -0.030540 0.081238
v -0.007575 -0.023377 0.074012
v -0.006050 -0.024322 0.073978
v -0.003289 -0.020802 0.074146
v -0.004556 -0.018627 0.074127
v 0.026671 0.012929 0.074062
v 0.027157 0.013043 0.078140
v 0.026879 0.013835 0.079297
v 0.028985 0.014654 0.081552
v 0.030480 0.014357 0.081209
v 0.030863 0.013486 0.081153
v 0.030842 0.013767 0.080968
v 0.030842 0.013767 0.080968
v -0.000396 -0.007431 0.074007
v 0.000177 -0.005165 0.074121
v 0.007328 0.003766 0.074236
v -0.000403 -0.009149 0.074202
v -0.001112 -0.008576 0.074025
v -0.003747 -0.014759 0.074275
v -0.002260 -0.013428 0.074280
v -0.004135 -0.011999 0.074037
v -0.000705 -0.009743 0.074071
v 0.030517 0.012291 0.072593
v 0.032053 0.005703 0.058802
v 0.006754 -0.029578 0.056311
v 0.006309 -0.029648 0.057043
v -0.004014 -0.029878 0.069252
v 0.000026 -0.030177 0.057045
v 0.002785 -0.030106 0.055340
v -0.005736 -0.026698 0.080579
v -0.004628 -0.030540 0.081238
v -0.005013 -0.030585 0.081053
v -0.005607 -0.030500 0.080152
v -0.004711 -0.017715 0.074075
v -0.003268 -0.016742 0.074214
v -0.005092 -0.015777 0.074052
v -0.003894 -0.016034 0.074301
v -0.004321 -0.020181 0.074299
v 0.027023 0.013945 0.080840
v 0.030471 0.014752 0.080832
v 0.030471 0.014752 0.080832
v 0.001484 -0.003606 0.074052
v 0.000560 -0.005075 0.074070
v 0.000397 -0.004502 0.074170
v 0.001030 -0.003955 0.074229
v 0.002359 0.001837 0.073964
v -0.003156 -0.013401 0.074106
v 0.031183 0.010200 0.061827
v -0.008289 -0.029046 0.081494
v -0.004715 -0.030029 0.079649
v -0.006276 -0.024882 0.074080
v 0.026846 0.013181 0.074178
v 0.026951 0.013670 0.075959
v 0.026376 0.014885 0.077076
v 0.000316 -0.006134 0.074036
v 0.000686 -0.003249 0.074040
v 0.006336 0.005183 0.073930
v 0.006944 0.004463 0.074180
v -0.001624 -0.008933 0.074190
v -0.003823 -0.014199 0.074276
v 0.031889 0.007022 0.054317
v 0.032204 0.000128 0.051229
v 0.030601 -0.008466 0.045629
v 0.028119 -0.014048 0.045629
v 0.006350 -0.029652 0.055210
v 0.006754 -0.029578 0.056311
v -0.007390 -0.026520 0.080876
v -0.006399 -0.030256 0.081164
v -0.005013 -0.030585 0.081053
v -0.006143 -0.030405 0.080977
v -0.006143 -0.030405 0.080977
v -0.006218 -0.030308 0.079973
v -0.004916 -0.029837 0.079520
v -0.005891 -0.025894 0.073992
v 0.028957 0.017126 0.081384
v 0.030316 0.015008 0.081015
v 0.030093 0.015451 0.080477
v 0.030240 0.015225 0.080690
v 0.030316 0.015008 0.081015
v 0.001313 -0.002044 0.074190
v -0.000618 -0.006649 0.074188
v -0.001588 -0.007257 0.074005
v -0.000088 -0.004866 0.074211
v 0.000178 -0.003608 0.073973
v -0.003653 -0.012402 0.074255
v -0.002625 -0.009281 0.073991
v 0.006687 -0.029583 0.055642
v 0.006687 -0.029583 0.055642
v 0.005805 -0.029753 0.055049
v 0.021814 -0.021963 0.044350
v -0.007049 -0.026391 0.078288
v -0.006279 -0.030046 0.081382
v -0.005429 -0.029976 0.079707
v -0.005833 -0.026562 0.074614
v -0.005684 -0.026452 0.074202
v -0.005440 -0.020626 0.074056
v -0.004573 -0.014984 0.074030
v -0.004497 -0.015696 0.074230
v -0.005018 -0.018431 0.074287
v -0.005228 -0.019877 0.074277
v 0.026457 0.014529 0.075685
v 0.026581 0.014649 0.080651
v 0.029984 0.015542 0.081172
v 0.030164 0.015299 0.081007
v 0.030164 0.015299 0.081007
v 0.028146 0.018013 0.081494
v 0.026635 0.015435 0.081109
v 0.030083 0.014781 0.080061
v 0.029941 0.014541 0.079822
v -0.001196 -0.006038 0.073999
v -0.002604 -0.008257 0.074149
v -0.004137 -0.013255 0.074038
v 0.030447 0.012602 0.069436
v 0.032196 0.004181 0.052288
v -0.007325 -0.026320 0.080531
v -0.008883 -0.025830 0.080240
v -0.008048 -0.026614 0.081129
v -0.006981 -0.030065 0.081226
v -0.007881 -0.029761 0.081303
v -0.006721 -0.030226 0.081038
v -0.006399 -0.030256 0.081164
v 0.026547 0.014391 0.074552
v 0.025766 0.016131 0.078695
v 0.026397 0.014755 0.080056
v 0.029984 0.015542 0.081172
v 0.030240 0.015225 0.080690
v 0.029919 0.015905 0.080951
v 0.030164 0.015299 0.081007
v 0.026208 0.015443 0.080657
v 0.029936 0.015396 0.080186
v -0.000755 -0.004293 0.074138
v -0.000709 -0.003214 0.073989
v -0.000209 -0.002706 0.074208
v 0.001124 -0.001262 0.074109
v 0.010252 0.008313 0.073938
v -0.004544 -0.014063 0.074067
v 0.029398 0.015133 0.077086
v 0.029643 0.014632 0.070988
v 0.029696 0.014478 0.072330
v 0.026712 -0.016273 0.045519
v 0.006125 -0.029700 0.052261
v 0.006350 -0.029652 0.055210
v 0.006386 -0.029649 0.054671
v 0.005805 -0.029753 0.055049
v 0.008716 -0.029157 0.047522
v -0.007653 -0.029279 0.079343
v -0.006721 -0.030226 0.081038
v -0.007489 -0.030167 0.080377
v -0.005955 -0.029727 0.079674
v -0.008102 -0.025957 0.077177
v -0.007133 -0.026326 0.074707
v -0.006243 -0.026331 0.074199
v -0.007907 -0.025422 0.073985
v 0.030093 0.015451 0.080477
v 0.029526 0.016624 0.080385
v 0.029936 0.015396 0.080186
v 0.030083 0.014781 0.080061
v 0.029941 0.014541 0.079822
v 0.029557 0.014862 0.079279
v 0.029506 0.014928 0.078811
v -0.001373 -0.003707 0.073950
v 0.002010 0.000767 0.074002
v 0.001466 -0.000400 0.074195
v 0.007758 0.006843 0.074179
v 0.031455 0.009221 0.056437
v 0.006085 -0.029707 0.054509
v -0.009311 -0.025901 0.080794
v -0.007319 -0.030085 0.081094
v -0.006981 -0.030065 0.081226
v -0.007319 -0.030085 0.081094
v -0.006822 -0.026150 0.074131
v -0.006116 -0.016615 0.074295
v 0.024538 0.014767 0.074067
v 0.026057 0.014954 0.074199
v 0.025735 0.016022 0.074785
v 0.029919 0.015905 0.080951
v 0.029432 0.016845 0.080971
v 0.029432 0.016845 0.080971
v 0.029229 0.017002 0.081221
v -0.000532 -0.002159 0.074153
v 0.000417 -0.001668 0.073993
v 0.015570 0.014167 0.073954
v -0.002961 -0.005968 0.073984
v 0.029667 0.014538 0.073143
v 0.024638 -0.019029 0.043158
v 0.006345 -0.029657 0.054013
v 0.006161 -0.029705 0.053739
v 0.006085 -0.029707 0.054509
v 0.006386 -0.029649 0.054671
v 0.006345 -0.029657 0.054013
v -0.005991 -0.029563 0.066873
v -0.007881 -0.029761 0.081303
v -0.008011 -0.029921 0.081057
v -0.006800 -0.030016 0.079805
v -0.008077 -0.029883 0.079984
v -0.006802 -0.016654 0.074040
v 0.026017 0.015273 0.074309
v 0.025769 0.015381 0.074144
v 0.025331 0.016810 0.076717
v 0.025630 0.016350 0.080333
v 0.029506 0.014928 0.078811
v 0.029290 0.015432 0.078546
v 0.029557 0.014862 0.079279
v 0.029329 0.015325 0.078266
v 0.029290 0.015432 0.078546
v 0.029504 0.014896 0.077673
v -0.001910 -0.006569 0.073987
v -0.000884 -0.001709 0.073985
v 0.001127 -0.000460 0.074098
v 0.000159 -0.000680 0.074171
v 0.013265 0.012308 0.073950
v 0.020240 0.015414 0.073969
v -0.005700 -0.008034 0.073990
v 0.029612 0.014641 0.077513
v 0.029478 0.014947 0.076495
v 0.030147 0.013386 0.065622
v 0.006161 -0.029705 0.053739
v -0.008565 -0.025954 0.078684
v -0.008532 -0.029665 0.081262
v -0.008357 -0.029877 0.081010
v -0.008011 -0.029921 0.081057
v -0.010205 -0.028000 0.081485
v -0.008357 -0.029877 0.081010
v -0.008086 -0.025657 0.074089
v -0.010077 -0.024253 0.074057
v -0.006011 -0.014921 0.074287
v 0.029239 0.017194 0.080529
v 0.028856 0.016808 0.079701
v 0.025740 0.018671 0.081481
v 0.025876 0.017350 0.081246
v 0.025531 0.016936 0.080856
v 0.029514 0.014872 0.077974
v -0.002295 -0.006035 0.074095
v 0.001517 0.001125 0.074179
v 0.001709 0.001748 0.074126
v 0.000627 -0.000032 0.073965
v 0.007454 0.007679 0.074207
v 0.008302 0.007954 0.073965
v 0.007025 0.007241 0.074130
v 0.006563 0.008078 0.073921
v -0.006475 -0.010766 0.074267
v -0.005711 -0.011648 0.074041
v 0.029612 0.014641 0.077513
v 0.029398 0.015133 0.077086
v 0.029504 0.014896 0.077673
v 0.029584 0.014748 0.072876
v 0.029780 0.014282 0.069831
v 0.032280 0.001913 0.048102
v 0.031939 -0.002686 0.047145
v 0.004661 -0.029946 0.051376
v 0.015466 -0.026460 0.044172
v 0.017333 -0.025399 0.046072
v -0.004362 -0.029851 0.063308
v -0.002448 -0.030065 0.058264
v -0.009432 -0.029047 0.081426
v -0.009530 -0.029325 0.081267
v -0.008532 -0.029665 0.081262
v -0.008753 -0.029760 0.081008
v -0.008753 -0.029760 0.081008
v -0.011183 -0.026045 0.081338
v -0.007937 -0.029339 0.079580
v -0.008971 -0.025739 0.076311
v 0.028671 0.018016 0.081231
v 0.029043 0.017627 0.080953
v 0.029043 0.017627 0.080953
v 0.029229 0.017002 0.081221
v 0.028321 0.017373 0.079267
v 0.029329 0.015325 0.078266
v 0.027794 0.018583 0.079332
v 0.029514 0.014872 0.077974
v 0.001090 0.000517 0.074167
v -0.006614 -0.013555 0.074287
v 0.029542 0.014808 0.075958
v 0.029548 0.014800 0.074013
v 0.029432 0.015075 0.073873
v 0.029584 0.014748 0.072876
v 0.028019 0.017920 0.074765
v 0.029667 0.014538 0.073143
v 0.029734 0.014400 0.070174
v 0.029706 0.014460 0.068471
v 0.031935 0.006586 0.050502
v 0.030794 0.011628 0.054094
v 0.006125 -0.029700 0.052261
v -0.009088 -0.029676 0.080922
v -0.009088 -0.029676 0.080922
v -0.009052 -0.025713 0.074595
v -0.006521 -0.015302 0.074281
v 0.023217 0.016984 0.074006
v 0.025332 0.016665 0.075789
v 0.025038 0.017205 0.077140
v 0.028376 0.017635 0.079701
v 0.028226 0.018685 0.081262
v -0.000157 0.000868 0.074130
v -0.000550 -0.000734 0.073986
v 0.008741 0.010496 0.073919
v 0.029478 0.014947 0.076495
v 0.029507 0.014866 0.075667
v 0.029580 0.014678 0.075440
v 0.029307 0.015307 0.076033
v 0.029507 0.014866 0.075667
v 0.029307 0.015307 0.076033
v 0.029542 0.014808 0.075958
v 0.029475 0.014933 0.075342
v 0.029580 0.014678 0.075440
v 0.029475 0.014933 0.075342
v 0.029457 0.015058 0.071510
v 0.029432 0.015075 0.073873
v 0.029593 0.014716 0.070291
v 0.029780 0.014282 0.069831
v 0.029593 0.014716 0.070291
v 0.029734 0.014400 0.070174
v 0.029730 0.014412 0.069520
v 0.029730 0.014412 0.069520
v 0.009410 -0.028956 0.042201
v -0.008266 -0.029055 0.076742
v -0.010123 -0.025696 0.080958
v -0.010285 -0.025334 0.080382
v -0.008930 -0.025300 0.074097
v 0.025115 0.017202 0.078784
v 0.028336 0.018851 0.080930
v 0.028671 0.018016 0.081231
v 0.028336 0.018851 0.080930
v 0.000892 0.001385 0.073984
v 0.000776 0.002471 0.073963
v 0.000938 0.002874 0.074130
v -0.000701 0.001356 0.073940
v 0.007583 0.009357 0.074179
v 0.029696 0.014478 0.072330
v 0.029590 0.014731 0.069498
v 0.029537 0.014869 0.068864
v 0.029590 0.014731 0.069498
v 0.029457 0.015058 0.071510
v 0.029643 0.014632 0.070988
v 0.029515 0.014899 0.067846
v 0.030289 0.013150 0.058123
v 0.012112 -0.028026 0.045005
v -0.010473 -0.029289 0.080802
v -0.011302 -0.028410 0.081421
v -0.008679 -0.021508 0.074055
v -0.008585 -0.017741 0.073992
v -0.009775 -0.019872 0.074010
v 0.024841 0.017468 0.074424
v 0.025050 0.016587 0.074108
v 0.025165 0.017189 0.078030
v 0.025190 0.017173 0.079828
v 0.028361 0.018753 0.080356
v 0.026287 0.020533 0.081505
v 0.024169 0.019038 0.080924
v 0.024986 0.017406 0.080439
v 0.000212 0.001883 0.073889
v 0.001277 0.003380 0.073983
v 0.029548 0.014800 0.074013
v 0.029656 0.014586 0.066910
v 0.029674 0.014596 0.066254
v 0.006008 -0.029733 0.051531
v -0.001089 -0.030147 0.054298
v 0.006008 -0.029733 0.051531
v 0.006260 -0.029690 0.050616
v -0.009585 -0.025527 0.077863
v -0.010640 -0.029096 0.081140
v -0.010640 -0.029096 0.081140
v -0.009530 -0.029325 0.081267
v -0.010176 -0.029364 0.080126
v -0.009871 -0.029339 0.079924
v -0.009729 -0.025487 0.075048
v -0.009591 -0.025331 0.074198
v -0.009687 -0.024803 0.073965
v 0.024455 0.018113 0.075525
v 0.028161 0.018957 0.081162
v 0.007273 0.008851 0.074172
v -0.007173 -0.009772 0.074234
v 0.029537 0.014869 0.068864
v 0.029706 0.014460 0.068471
v 0.029515 0.014899 0.067846
v 0.025626 -0.017918 0.039412
v -0.003786 -0.029921 0.054997
v 0.005917 -0.029752 0.051190
v 0.017459 -0.025317 0.043245
v -0.010729 -0.025090 0.079373
v -0.010240 -0.028598 0.079459
v -0.012055 -0.028739 0.080494
v -0.010060 -0.016239 0.074025
v 0.028067 0.019213 0.081072
v 0.028067 0.019213 0.081072
v 0.028161 0.018957 0.081162
v 0.027605 0.020066 0.080698
v -0.005988 -0.005284 0.073982
v -0.005569 -0.000612 0.073903
v 0.005363 0.008816 0.073902
v 0.002481 0.006941 0.073908
v -0.007828 -0.009883 0.074014
v -0.006507 -0.008478 0.074235
v 0.028501 0.017008 0.068261
v 0.029445 0.015085 0.067320
v 0.029445 0.015085 0.067320
v 0.029590 0.014756 0.065658
v 0.032213 0.000236 0.046400
v 0.029937 -0.010327 0.042463
v 0.006260 -0.029690 0.050616
v 0.005948 -0.029755 0.050555
v 0.005917 -0.029752 0.051190
v 0.006268 -0.029695 0.049929
v -0.008607 -0.028954 0.067477
v -0.010402 -0.025288 0.078369
v -0.010672 -0.024850 0.074167
v -0.010470 -0.024670 0.074007
v 0.024383 0.017428 0.074106
v 0.021957 0.017147 0.074018
v 0.027191 0.020322 0.081248
v 0.027543 0.019884 0.081224
v 0.027543 0.019884 0.081224
v 0.000117 0.003454 0.073918
v 0.002096 0.005524 0.073961
v 0.029656 0.014586 0.066910
v 0.029674 0.014596 0.066254
v 0.029699 0.014504 0.065509
v 0.029684 0.014516 0.064430
v 0.030681 -0.008076 0.044141
v 0.027808 -0.014608 0.041940
v 0.005777 -0.029783 0.050274
v 0.005948 -0.029755 0.050555
v 0.005777 -0.029783 0.050274
v 0.013920 -0.027230 0.042826
v -0.011568 -0.028611 0.081272
v -0.011568 -0.028611 0.081272
v -0.011747 -0.028764 0.080027
v -0.011748 -0.024756 0.080442
v -0.011018 -0.024979 0.076377
v -0.011414 -0.024804 0.075014
v 0.024579 0.017659 0.074271
v 0.023786 0.019196 0.077446
v 0.024899 0.019645 0.081412
v 0.026879 0.020988 0.080300
v 0.023727 0.019321 0.080459
v 0.000576 0.005516 0.073925
v 0.008360 0.011490 0.073948
v 0.017942 0.017048 0.073983
v -0.010329 -0.013035 0.074031
v -0.007212 -0.007409 0.074246
v 0.027337 0.019105 0.070802
v 0.029600 0.014705 0.065284
v 0.029699 0.014504 0.065509
v 0.029600 0.014705 0.065284
v 0.029590 0.014756 0.065658
v 0.029469 0.015004 0.064134
v -0.011839 -0.028684 0.081061
v -0.011451 -0.028263 0.079571
v -0.011563 -0.023955 0.073990
v -0.011410 -0.021829 0.074039
v 0.023537 0.019380 0.074353
v 0.023038 0.020022 0.075343
v 0.024258 0.018543 0.079521
v 0.023471 0.019684 0.079274
v 0.026331 0.021283 0.081366
v 0.027442 0.020147 0.081089
v 0.027442 0.020147 0.081089
v 0.006632 0.011729 0.073932
v 0.007197 0.011456 0.074164
v -0.006572 -0.005561 0.074192
v -0.007958 -0.008095 0.073972
v 0.029630 0.014644 0.063649
v 0.029684 0.014516 0.064430
v 0.022315 -0.021558 0.040519
v 0.023658 -0.020170 0.041053
v 0.031721 -0.004267 0.041210
v 0.005965 -0.029749 0.048752
v -0.012735 -0.028044 0.081340
v -0.012337 -0.018638 0.074020
v 0.026911 0.020084 0.078033
v 0.024816 0.021609 0.081513
v 0.001880 0.005744 0.074078
v 0.002143 0.006188 0.074086
v 0.001785 0.008884 0.073838
v 0.026852 0.019899 0.074578
v 0.029469 0.015004 0.064134
v 0.032016 0.006375 0.045697
v 0.029622 0.014689 0.063028
v 0.006268 -0.029695 0.049929
v 0.005965 -0.029749 0.048752
v 0.002774 -0.030161 0.042468
v 0.006322 -0.029685 0.047990
v 0.006379 -0.029684 0.047439
v 0.019805 -0.023683 0.040676
v -0.012485 -0.028438 0.081037
v -0.011839 -0.028684 0.081061
v -0.012528 -0.028245 0.081260
v -0.013383 -0.027516 0.081417
v -0.012485 -0.028438 0.081037
v -0.012535 -0.024834 0.081054
v -0.010864 -0.028283 0.077225
v -0.011395 -0.024489 0.074149
v 0.023896 0.018472 0.074145
v 0.022795 0.020440 0.077767
v 0.026635 0.021182 0.081193
v 0.026635 0.021182 0.081193
v 0.027191 0.020322 0.081248
v -0.005890 -0.000789 0.073950
v -0.001106 0.005597 0.073894
v 0.000760 0.006105 0.074153
v 0.007671 0.012399 0.074154
v 0.008771 0.013641 0.073907
v 0.011925 0.017044 0.073925
v 0.032241 0.003603 0.046205
v 0.006232 -0.029709 0.048562
v -0.012990 -0.028186 0.079968
v -0.012735 -0.028044 0.081340
v -0.012528 -0.028245 0.081260
v -0.013072 -0.028107 0.081191
v -0.013483 -0.025369 0.081411
v -0.012101 -0.024383 0.076422
v 0.025811 0.021652 0.079536
v 0.023400 0.021523 0.081412
v 0.001262 0.006469 0.074077
v -0.007855 -0.006159 0.073990
v 0.029622 0.014689 0.063028
v 0.029630 0.014644 0.063649
v 0.029643 0.014666 0.062290
v 0.029548 0.014921 0.061643
v -0.005561 -0.029688 0.051291
v 0.006131 -0.029721 0.048247
v 0.006232 -0.029709 0.048562
v 0.006150 -0.029720 0.047689
v 0.006131 -0.029721 0.048247
v -0.013685 -0.023814 0.079401
v -0.014623 -0.023280 0.080512
v -0.013294 -0.028226 0.080533
v -0.012772 -0.028410 0.080147
v -0.013072 -0.028107 0.081191
v -0.014151 -0.026505 0.081484
v -0.012856 -0.023947 0.074220
v -0.012239 -0.024118 0.074100
v -0.013969 -0.022989 0.074066
v 0.022120 0.020548 0.074056
v 0.023314 0.019450 0.074155
v 0.026354 0.021797 0.080602
v 0.026601 0.021397 0.081033
v 0.026601 0.021397 0.081033
v 0.026090 0.021784 0.081257
v 0.022104 0.021273 0.079698
v 0.023061 0.020200 0.080485
v -0.006874 -0.002989 0.074217
v 0.000869 0.006975 0.073887
v 0.001489 0.007311 0.074063
v 0.007172 0.012039 0.074142
v 0.008184 0.015571 0.073892
v -0.007249 -0.003384 0.074180
v -0.010460 -0.007297 0.073981
v 0.027718 -0.014814 0.039757
v 0.029525 0.014909 0.062493
v 0.029643 0.014666 0.062290
v 0.029548 0.014921 0.061643
v 0.029525 0.014909 0.062493
v 0.029633 0.014732 0.060993
v -0.003307 -0.030022 0.048300
v 0.006150 -0.029720 0.047689
v 0.006322 -0.029685 0.047990
v -0.013208 -0.023938 0.077597
v -0.013051 -0.027630 0.079461
v -0.013865 -0.027502 0.081347
v -0.013617 -0.027999 0.080056
v -0.013907 -0.020654 0.074074
v 0.026066 0.021347 0.078578
v 0.025569 0.022081 0.081414
v 0.021674 0.021926 0.080681
v -0.001143 0.006668 0.074081
v 0.001432 0.008086 0.073881
v 0.002887 0.011868 0.073865
v 0.028586 0.016975 0.060370
v 0.029633 0.014732 0.060993
v 0.029797 -0.010680 0.040340
v 0.005021 -0.029900 0.046866
v 0.005776 -0.029791 0.046772
v 0.006379 -0.029684 0.047439
v -0.014603 -0.027002 0.081426
v -0.013764 -0.023644 0.074965
v -0.013580 -0.012763 0.074000
v 0.022896 0.020014 0.074364
v 0.026056 0.022057 0.081071
v 0.026090 0.021784 0.081257
v 0.025594 0.022623 0.081082
v 0.026056 0.022057 0.081071
v -0.006775 0.000103 0.074184
v -0.006334 -0.000250 0.074130
v -0.001690 0.006618 0.073894
v -0.000431 0.006543 0.074035
v -0.000935 0.006903 0.074098
v 0.002845 0.009968 0.073920
v 0.027370 0.019070 0.065638
v 0.029635 0.014741 0.059184
v 0.028830 -0.012680 0.037981
v -0.009222 -0.028790 0.059911
v -0.013865 -0.027502 0.081347
v -0.014538 -0.027441 0.081177
v -0.014538 -0.027441 0.081177
v -0.015189 -0.023290 0.080974
v 0.024130 0.023491 0.081473
v 0.025933 0.022230 0.080229
v 0.025241 0.023199 0.080732
v 0.025594 0.022623 0.081082
v 0.025321 0.022743 0.081263
v 0.021670 0.022447 0.081105
v -0.004914 0.005849 0.073851
v -0.001391 0.007622 0.073857
v 0.006301 0.014277 0.073892
v 0.002016 0.009820 0.074062
v 0.015598 0.018547 0.073951
v 0.019068 0.020712 0.074018
v -0.009782 -0.005629 0.073971
v -0.007928 -0.002559 0.073925
v -0.011943 -0.011858 0.073977
v 0.029519 0.015003 0.059345
v 0.029519 0.015003 0.059345
v 0.029652 0.014717 0.058852
v 0.030501 -0.008821 0.039112
v 0.005970 -0.029770 0.045453
v 0.005709 -0.029809 0.045901
v 0.005776 -0.029791 0.046772
v 0.005924 -0.029762 0.046487
v -0.012241 -0.027689 0.070331
v -0.013218 -0.027313 0.077399
v -0.015137 -0.027348 0.080510
v -0.013979 -0.027333 0.079542
v -0.013582 -0.023566 0.074226
v 0.021681 0.019782 0.074079
v 0.025321 0.022743 0.081263
v 0.025055 0.023309 0.081007
v 0.021672 0.021703 0.080063
v 0.021771 0.023872 0.081459
v -0.007240 -0.001904 0.074158
v -0.005521 0.004350 0.073931
v 0.002291 0.010385 0.074064
v 0.006922 0.014040 0.074138
v -0.000284 0.009779 0.073880
v 0.007399 0.014955 0.074165
v 0.026099 0.020950 0.068945
v 0.029729 0.014547 0.056405
v 0.029652 0.014717 0.058852
v 0.029635 0.014741 0.059184
v 0.029548 0.014938 0.058627
v 0.029548 0.014938 0.058627
v 0.029660 0.014723 0.057701
v 0.031335 -0.005979 0.042013
v 0.013040 -0.027630 0.038269
v 0.008169 -0.029287 0.041808
v 0.005924 -0.029762 0.046487
v -0.014944 -0.026969 0.081346
v -0.014298 -0.021076 0.074014
v 0.021026 0.021555 0.074042
v 0.021762 0.021541 0.075957
v 0.022433 0.020476 0.074162
v 0.022179 0.021015 0.074403
v 0.020893 0.022526 0.078217
v 0.002397 0.011297 0.074049
v 0.025145 0.022279 0.074517
v 0.029660 0.014723 0.057701
v 0.029535 0.014992 0.056643
v 0.029535 0.014992 0.056643
v 0.006177 -0.029722 0.044922
v 0.005709 -0.029809 0.045901
v 0.005970 -0.029770 0.045453
v 0.017220 -0.025511 0.039203
v 0.019841 -0.023646 0.033868
v -0.014944 -0.026969 0.081346
v -0.015266 -0.027021 0.081196
v -0.015742 -0.026520 0.081390
v -0.015266 -0.027021 0.081196
v -0.016880 -0.025492 0.081495
v -0.015157 -0.022236 0.074074
v -0.014073 -0.017078 0.074031
v 0.025080 0.023334 0.080446
v 0.025055 0.023309 0.081007
v 0.024604 0.023700 0.081180
v 0.024604 0.023700 0.081180
v 0.024229 0.023962 0.081278
v -0.007433 0.001349 0.073905
v -0.006168 0.004001 0.074134
v 0.004662 0.013538 0.073877
v 0.001235 0.010636 0.073832
v 0.015748 0.020810 0.073969
v 0.026780 0.019964 0.064619
v 0.026092 -0.017254 0.036737
v 0.029539 0.015021 0.053828
v 0.030996 0.011147 0.046052
v 0.031549 0.008998 0.045547
v -0.000367 -0.030241 0.047516
v 0.006177 -0.029722 0.044922
v 0.006180 -0.029726 0.044306
v -0.015417 -0.022714 0.078350
v -0.015574 -0.026990 0.081033
v -0.015103 -0.026623 0.079493
v -0.015970 -0.026662 0.079924
v -0.016051 -0.026800 0.080273
v -0.014778 -0.022847 0.074215
v 0.023171 0.024542 0.081422
v -0.006752 0.003020 0.074114
v 0.003099 0.013288 0.073873
v -0.013835 -0.008496 0.073966
v 0.032209 -0.000971 0.038768
v 0.006180 -0.029726 0.044306
v 0.005625 -0.029820 0.043308
v 0.017764 -0.025238 0.033916
v -0.015883 -0.026002 0.079246
v -0.018215 -0.022108 0.081385
v -0.014652 -0.023117 0.074702
v -0.015613 -0.022504 0.076734
v -0.015475 -0.022515 0.074393
v 0.020114 0.023315 0.079144
v 0.024478 0.023938 0.081074
v 0.024478 0.023938 0.081074
v 0.023537 0.024301 0.079503
v 0.024606 0.023044 0.079155
v 0.021014 0.022521 0.080667
v 0.022175 0.025095 0.081493
v 0.023755 0.024499 0.081244
v -0.007339 0.003097 0.073862
v -0.001050 0.009609 0.073838
v -0.000412 0.010356 0.074041
v 0.002109 0.011511 0.074079
v 0.011941 0.020514 0.073933
v 0.007431 0.019041 0.073961
v 0.029664 0.014692 0.055784
v 0.029565 0.014923 0.054911
v 0.029564 0.014911 0.055590
v 0.029664 0.014692 0.055784
v 0.029729 0.014547 0.056405
v 0.029564 0.014911 0.055590
v 0.016783 -0.025857 0.035507
v -0.012577 -0.027574 0.060729
v -0.015742 -0.026520 0.081390
v -0.016046 -0.026488 0.081299
v -0.016424 -0.020380 0.074060
v -0.016002 -0.018141 0.074037
v 0.020558 0.022714 0.076515
v 0.021039 0.021922 0.074117
v 0.024229 0.023962 0.081278
v 0.023755 0.024499 0.081244
v 0.023947 0.024527 0.080295
v 0.021665 0.023010 0.081309
v 0.023741 0.024754 0.081012
v -0.012502 0.001028 0.073883
v -0.004454 0.009236 0.073872
v -0.006475 0.005178 0.074102
v 0.002103 0.012580 0.073905
v 0.004359 0.014086 0.073956
v 0.004870 0.014077 0.074105
v 0.006808 0.016769 0.074149
v -0.000465 0.010702 0.073922
v 0.027774 0.018481 0.056803
v 0.027269 -0.015500 0.037130
v 0.029565 0.014923 0.054911
v 0.029472 0.015142 0.054733
v 0.030847 -0.007717 0.036418
v -0.008675 -0.028981 0.049895
v 0.005625 -0.029820 0.043308
v -0.016907 -0.026327 0.080565
v -0.016038 -0.026065 0.079569
v -0.016046 -0.026488 0.081299
v -0.016101 -0.022410 0.080620
v -0.016532 -0.014171 0.073998
v 0.023445 0.025116 0.080774
v -0.007007 0.004999 0.073895
v -0.005322 0.007264 0.074041
v -0.000742 0.010189 0.074066
v 0.001001 0.012060 0.073871
v 0.006132 0.016074 0.073932
v 0.025647 0.021564 0.065863
v 0.029472 0.015142 0.054733
v 0.029455 0.015183 0.054421
v 0.030395 0.012946 0.047308
v 0.030024 -0.010125 0.033769
v -0.015504 -0.026142 0.069860
v -0.017476 -0.021324 0.077904
v -0.017568 -0.025445 0.081353
v -0.017568 -0.025445 0.081353
v -0.016172 -0.021868 0.074222
v -0.016710 -0.021263 0.074038
v 0.020572 0.022618 0.074273
v 0.020534 0.024273 0.081342
v 0.020166 0.023212 0.080193
v 0.022566 0.025963 0.080494
v 0.005636 0.015256 0.074068
v 0.004910 0.015223 0.073946
v -0.012474 -0.005963 0.073949
v 0.029455 0.015183 0.054421
v 0.029336 0.015432 0.054305
v 0.029421 0.015275 0.053803
v -0.010008 -0.028553 0.056063
v -0.016662 -0.025729 0.079667
v -0.017575 -0.025876 0.080137
v -0.018224 -0.025330 0.081085
v -0.017785 -0.025160 0.081422
v -0.017863 -0.021468 0.080995
v -0.017164 -0.021529 0.080398
v 0.019699 0.023538 0.074693
v 0.019423 0.023819 0.077228
v 0.023741 0.024754 0.081012
v 0.022587 0.025667 0.081246
v 0.022587 0.025667 0.081246
v -0.006904 0.007013 0.073831
v -0.001703 0.010311 0.073888
v 0.001974 0.013189 0.074039
v 0.002634 0.014035 0.074044
v 0.003523 0.015327 0.073872
v -0.000189 0.011628 0.073824
v 0.000046 0.012807 0.074035
v 0.000895 0.012716 0.074019
v 0.005596 0.016414 0.073984
v -0.012857 -0.003496 0.073920
v 0.026592 0.020286 0.056664
v 0.029336 0.015432 0.054305
v 0.029539 0.015021 0.053828
v 0.029428 0.015258 0.052917
v 0.029421 0.015275 0.053803
v 0.032092 0.005901 0.041811
v 0.005547 -0.029828 0.042617
v -0.013917 -0.026957 0.068381
v -0.016019 -0.025861 0.076586
v -0.017779 -0.025796 0.080369
v -0.017371 -0.025789 0.079864
v -0.017164 -0.021453 0.075245
v -0.017254 -0.021312 0.074463
v 0.019766 0.023049 0.074076
v 0.020166 0.023783 0.081030
v 0.022281 0.026160 0.080963
v -0.001389 0.012133 0.073867
v -0.004011 0.011402 0.073846
v 0.000615 0.013509 0.073855
v 0.002780 0.015166 0.073851
v 0.004201 0.015366 0.074073
v 0.005218 0.015836 0.073926
v 0.004276 0.016553 0.074084
v 0.006505 0.018381 0.074153
v 0.007173 0.018048 0.074109
v 0.014902 0.022824 0.073986
v 0.029417 0.015259 0.051717
v 0.029611 0.014820 0.051273
v 0.031644 -0.004690 0.037557
v 0.005331 -0.029859 0.041432
v 0.005547 -0.029828 0.042617
v -0.017785 -0.025160 0.081422
v -0.017016 -0.021316 0.074179
v 0.020066 0.023067 0.074233
v -0.005892 0.008759 0.074110
v -0.010109 0.004172 0.073842
v -0.001114 0.011331 0.074086
v 0.001810 0.013926 0.073980
v 0.005786 0.017411 0.073871
v 0.018252 0.024135 0.074051
v -0.016837 -0.011931 0.074012
v -0.016046 -0.008425 0.073988
v 0.023979 0.023605 0.062906
v 0.029428 0.015258 0.052917
v 0.029550 0.014964 0.051599
v 0.029417 0.015259 0.051717
v -0.002656 -0.030109 0.040744
v 0.006178 -0.029712 0.040946
v 0.005509 -0.029834 0.041971
v 0.005509 -0.029834 0.041971
v -0.017912 -0.025591 0.080120
v -0.018117 -0.025111 0.081334
v -0.018309 -0.024857 0.081337
v -0.018117 -0.025111 0.081334
v -0.018818 -0.020279 0.078776
v -0.018074 -0.020251 0.074119
v 0.019236 0.023831 0.074283
v 0.019646 0.023882 0.080753
v 0.020627 0.026430 0.081542
v 0.022407 0.025923 0.081153
v 0.001106 0.014436 0.074040
v 0.002148 0.014649 0.074058
v 0.002975 0.015936 0.074042
v 0.003854 0.016898 0.073896
v 0.004946 0.016473 0.073894
v -0.000779 0.012450 0.074003
v 0.005921 0.018041 0.073895
v 0.029611 0.014820 0.051273
v 0.029550 0.014964 0.051599
v 0.010852 -0.028469 0.032966
v 0.005331 -0.029859 0.041432
v -0.017544 -0.024951 0.079303
v -0.017839 -0.024837 0.079500
v -0.018438 -0.025263 0.080044
v -0.018309 -0.024857 0.081337
v -0.018673 -0.024891 0.081203
v -0.017821 -0.021180 0.080691
v -0.021842 -0.021400 0.081531
v 0.019040 0.024239 0.079054
v 0.017984 0.024958 0.077297
v 0.018083 0.025063 0.080520
v 0.022058 0.026009 0.081300
v 0.022407 0.025923 0.081153
v 0.022058 0.026009 0.081300
v -0.008846 0.007223 0.073861
v 0.001489 0.014831 0.074073
v 0.003498 0.016058 0.073864
v 0.002463 0.015791 0.074080
v -0.013877 -0.001453 0.073940
v 0.023541 0.024117 0.072199
v 0.029532 0.015011 0.051030
v 0.029532 0.015011 0.051030
v 0.029589 0.014882 0.050356
v 0.032317 0.001768 0.037816
v 0.005999 -0.029745 0.040683
v 0.006178 -0.029712 0.040946
v 0.005586 -0.029816 0.040246
v 0.005999 -0.029745 0.040683
v -0.018706 -0.025164 0.080190
v -0.019230 -0.024606 0.081122
v -0.019571 -0.023755 0.081450
v -0.018395 -0.020277 0.074253
v 0.018417 0.024679 0.075459
v 0.018003 0.024876 0.074456
v 0.018555 0.024332 0.074192
v 0.021478 0.026162 0.074217
v 0.022009 0.026274 0.081120
v 0.022009 0.026274 0.081120
v 0.021747 0.026370 0.081258
v -0.004906 0.011327 0.074110
v 0.001752 0.015307 0.073962
v 0.002575 0.016319 0.074081
v 0.005377 0.019490 0.073897
v 0.006885 0.022900 0.073902
v 0.029589 0.014882 0.050356
v 0.029527 0.015010 0.049658
v 0.029428 0.015235 0.049850
v 0.029428 0.015235 0.049850
v 0.032213 0.004226 0.038010
v 0.005764 -0.029799 0.039652
v 0.005586 -0.029816 0.040246
v -0.015742 -0.026008 0.057643
v -0.018088 -0.024542 0.075052
v -0.018674 -0.024381 0.079622
v -0.018673 -0.024891 0.081203
v -0.019360 -0.024070 0.081383
v -0.019289 -0.020300 0.081040
v -0.018175 -0.019160 0.074028
v 0.021658 0.026114 0.079361
v 0.017584 0.025629 0.080825
v 0.018502 0.026021 0.081335
v 0.021064 0.027112 0.081134
v 0.021747 0.026370 0.081258
v 0.020406 0.027268 0.081400
v 0.021064 0.027112 0.081134
v 0.020790 0.027478 0.080422
v -0.006675 0.009511 0.073812
v -0.002037 0.014287 0.073826
v 0.003049 0.016583 0.073918
v 0.001911 0.016324 0.073895
v 0.001549 0.015880 0.074038
v 0.006103 0.019456 0.074089
v 0.006636 0.020353 0.074153
v 0.009211 0.024883 0.073950
v 0.026203 -0.017155 0.033253
v 0.031350 0.009881 0.040094
v 0.028922 -0.012643 0.032319
v 0.006684 -0.029634 0.036602
v 0.005556 -0.029828 0.039907
v -0.012736 -0.027511 0.054726
v -0.018829 -0.024103 0.079483
v -0.019360 -0.024070 0.081383
v -0.019669 -0.024057 0.081269
v -0.019669 -0.024057 0.081269
v -0.018637 -0.020214 0.074492
v 0.017082 0.025707 0.078180
v -0.006178 0.010404 0.073852
v -0.005262 0.011637 0.074085
v 0.001115 0.015482 0.073873
v 0.002245 0.016789 0.074117
v 0.004652 0.019538 0.074113
v 0.015168 0.024184 0.074001
v 0.024616 0.022870 0.059495
v 0.029239 0.015645 0.048694
v 0.029527 0.015010 0.049658
v 0.029542 0.014960 0.049293
v 0.029542 0.014960 0.049293
v 0.030643 0.012203 0.042732
v 0.005330 -0.029880 0.038619
v 0.005556 -0.029828 0.039907
v 0.005511 -0.029843 0.039083
v 0.005764 -0.029799 0.039652
v 0.005511 -0.029843 0.039083
v -0.016752 -0.025394 0.062684
v -0.020312 -0.023963 0.080249
v -0.020063 -0.023547 0.081388
v -0.020533 -0.023545 0.081147
v -0.020063 -0.023547 0.081388
v -0.019126 -0.020129 0.080772
v -0.019949 -0.015749 0.074037
v 0.002802 0.017318 0.074042
v 0.003411 0.018358 0.073930
v 0.003922 0.018183 0.073890
v 0.017123 0.025301 0.074099
v -0.017609 -0.004828 0.073953
v 0.030672 -0.008325 0.030267
v -0.009294 -0.028794 0.044489
v 0.005515 -0.029839 0.037679
v 0.005620 -0.029823 0.038761
v 0.019395 -0.023999 0.031355
v -0.017403 -0.024981 0.067988
v -0.019345 -0.023784 0.079505
v -0.020216 -0.023845 0.079943
v -0.020262 -0.018923 0.080524
v -0.020813 -0.023031 0.081329
v -0.020813 -0.023031 0.081329
v -0.020361 -0.023056 0.081473
v 0.017714 0.024993 0.074237
v 0.017238 0.025452 0.076220
v 0.019610 0.027805 0.081446
v 0.019988 0.028049 0.080984
v -0.003518 0.014200 0.073912
v 0.005564 0.020520 0.073975
v -0.015604 -0.003789 0.073930
v 0.029333 0.015434 0.048441
v 0.029239 0.015645 0.048694
v 0.029557 0.014943 0.047374
v 0.029238 0.015668 0.047760
v 0.005620 -0.029823 0.038761
v 0.016519 -0.026071 0.031599
v -0.020484 -0.022779 0.079341
v -0.019767 -0.019407 0.079349
v -0.021791 -0.019059 0.081440
v -0.019396 -0.019370 0.074325
v -0.019991 -0.018894 0.074302
v -0.019384 -0.019111 0.074133
v 0.016994 0.025622 0.074275
v 0.016838 0.026545 0.081133
v 0.017937 0.027350 0.081451
v 0.018949 0.027651 0.081546
v 0.020280 0.027553 0.081283
v 0.020280 0.027553 0.081283
v 0.020406 0.027268 0.081400
v 0.001341 0.017491 0.074050
v 0.002556 0.018162 0.073901
v 0.013248 0.024972 0.073999
v -0.018815 -0.009119 0.074010
v 0.023552 -0.020340 0.032471
v 0.005330 -0.029880 0.038619
v -0.019438 -0.019550 0.076939
v -0.020754 -0.023607 0.080441
v -0.020528 -0.019868 0.081319
v -0.020618 -0.019077 0.081022
v -0.021483 -0.022295 0.081409
v -0.020407 -0.018619 0.074730
v -0.020553 -0.017855 0.074101
v 0.016795 0.025868 0.075096
v 0.016483 0.025979 0.077659
v 0.019610 0.027805 0.081446
v 0.019157 0.028149 0.079105
v 0.018987 0.028391 0.079625
v -0.015715 0.002175 0.073910
v -0.004004 0.013620 0.074035
v -0.005732 0.012755 0.073850
v 0.003047 0.018927 0.074083
v 0.004605 0.020287 0.074118
v 0.005866 0.021313 0.074174
v 0.005985 0.022589 0.074153
v 0.015826 0.026020 0.074007
v 0.029333 0.015434 0.048441
v 0.029238 0.015668 0.047760
v 0.031947 0.006902 0.039963
v 0.029557 0.014943 0.047374
v 0.029435 0.015256 0.046865
v -0.004239 -0.029939 0.036302
v 0.005205 -0.029892 0.037539
v 0.005515 -0.029839 0.037679
v 0.021555 -0.022313 0.026808
v -0.020437 -0.022989 0.079619
v -0.021387 -0.022797 0.081206
v -0.021382 -0.022986 0.080977
v -0.021387 -0.022797 0.081206
v -0.021536 -0.022571 0.081259
v -0.020008 -0.012518 0.074028
v 0.016621 0.026012 0.079707
v -0.014539 0.007301 0.073863
v -0.010527 0.012454 0.073863
v -0.012282 0.009074 0.073849
v -0.004717 0.013045 0.074099
v 0.001932 0.018108 0.073864
v 0.002141 0.019141 0.074087
v 0.000813 0.017378 0.073882
v -0.002395 0.017489 0.073894
v 0.004009 0.020023 0.073916
v 0.003716 0.019986 0.073918
v 0.003012 0.020114 0.074133
v 0.029550 0.015002 0.046698
v 0.029435 0.015256 0.046865
v 0.029594 0.014893 0.046393
v 0.029293 0.015643 0.041658
v 0.001243 -0.030252 0.038138
v 0.004875 -0.029933 0.037023
v -0.020092 -0.023051 0.068800
v -0.019063 -0.023863 0.058708
v -0.020505 -0.022727 0.077108
v -0.021441 -0.022817 0.079960
v -0.022052 -0.022220 0.081140
v -0.021536 -0.022571 0.081259
v -0.021242 -0.010377 0.073990
v 0.015607 0.026534 0.074383
v 0.021825 0.025810 0.071210
v 0.016326 0.026442 0.080776
v 0.019258 0.028373 0.081224
v 0.018943 0.028349 0.081388
v 0.019258 0.028373 0.081224
v 0.019392 0.028561 0.080375
v 0.020012 0.027531 0.078335
v -0.013765 0.002991 0.073863
v 0.000084 0.018894 0.073852
v 0.002308 0.019631 0.073943
v 0.003639 0.020322 0.074021
v 0.003376 0.020596 0.074031
v 0.006118 0.023964 0.073946
v 0.015669 0.026319 0.074097
v 0.014351 0.026388 0.073964
v -0.017069 -0.001360 0.073937
v 0.022132 0.025462 0.064748
v 0.029191 0.015792 0.045107
v 0.029550 0.015002 0.046698
v 0.029406 0.015321 0.046165
v 0.029594 0.014893 0.046393
v 0.029544 0.015012 0.046108
v 0.005197 -0.029893 0.037149
v 0.005205 -0.029892 0.037539
v 0.005197 -0.029893 0.037149
v 0.004143 -0.030036 0.036964
v -0.022100 -0.021624 0.081444
v -0.021483 -0.022295 0.081409
v -0.022068 -0.021919 0.081326
v -0.022068 -0.021919 0.081326
v -0.020670 -0.018460 0.077887
v -0.020806 -0.018294 0.075735
v 0.014373 0.027383 0.075874
v 0.016588 0.029386 0.081516
v 0.019003 0.028615 0.081199
v 0.018943 0.028349 0.081388
v 0.018243 0.029371 0.080846
v -0.004683 0.014112 0.074094
v -0.003780 0.015124 0.074093
v 0.002443 0.020277 0.074102
v 0.004987 0.023282 0.074132
v 0.025447 -0.018154 0.028309
v 0.029306 0.015542 0.045556
v 0.032319 0.000748 0.033753
v -0.006744 -0.029476 0.041012
v 0.007810 -0.029389 0.031257
v 0.005118 -0.029898 0.036810
v 0.004875 -0.029933 0.037023
v -0.022691 -0.021930 0.080401
v -0.021657 -0.021985 0.079644
v -0.022419 -0.021684 0.081269
v -0.022100 -0.021624 0.081444
v -0.021256 -0.017680 0.074640
v -0.020655 -0.016689 0.074069
v -0.022161 -0.015843 0.074074
v -0.020861 -0.017887 0.074229
v 0.016023 0.027676 0.081292
v 0.005007 0.021710 0.073909
v 0.003939 0.021663 0.073949
v 0.002740 0.020884 0.073908
v -0.019946 -0.006289 0.073978
v -0.018136 -0.001635 0.073913
v 0.020066 0.027299 0.071466
v 0.025294 0.022079 0.051612
v 0.029445 0.015265 0.044962
v 0.029544 0.015012 0.046108
v 0.005275 -0.029865 0.035918
v 0.005118 -0.029898 0.036810
v -0.020734 -0.018284 0.077041
v -0.022262 -0.017548 0.081137
v -0.021790 -0.017482 0.080775
v -0.023028 -0.020804 0.081422
v -0.024046 -0.019210 0.081489
v -0.022691 -0.021480 0.081224
v -0.022691 -0.021480 0.081224
v -0.022419 -0.021684 0.081269
v 0.014081 0.027588 0.079628
v 0.014931 0.027405 0.080856
v 0.015069 0.027641 0.081060
v 0.018262 0.029179 0.081159
v 0.019003 0.028615 0.081199
v 0.018262 0.029179 0.081159
v -0.005067 0.015250 0.073834
v -0.003661 0.016833 0.074124
v 0.001665 0.019795 0.074085
v 0.004274 0.023088 0.073902
v 0.010229 0.027822 0.074010
v 0.005547 0.023629 0.074171
v 0.014757 0.027047 0.074395
v 0.014477 0.027085 0.074153
v 0.027388 0.019161 0.045982
v 0.029306 0.015542 0.045556
v 0.029406 0.015321 0.046165
v 0.029303 0.015560 0.044880
v 0.029191 0.015792 0.045107
v 0.031746 -0.004225 0.030517
v 0.004871 -0.029935 0.034931
v 0.005275 -0.029865 0.035918
v 0.016662 -0.025965 0.029779
v -0.021896 -0.016486 0.074120
v 0.014614 0.027166 0.076962
v 0.017290 0.029343 0.081415
v -0.009634 0.015442 0.073867
v 0.001119 0.020043 0.073913
v -0.002982 0.017462 0.074114
v 0.005434 0.025508 0.073954
v 0.012994 0.027562 0.074001
v 0.013621 0.027398 0.074106
v 0.022702 0.024913 0.055086
v 0.027573 -0.015110 0.028565
v 0.024282 0.023252 0.054481
v -0.011844 -0.027884 0.047273
v 0.006305 -0.029698 0.032462
v 0.005065 -0.029904 0.034645
v -0.022347 -0.021091 0.076478
v -0.022683 -0.021297 0.079702
v -0.021926 -0.017162 0.080595
v -0.023436 -0.021174 0.080452
v -0.023080 -0.013287 0.074085
v -0.021919 -0.004059 0.073947
v -0.022919 -0.008071 0.074009
v 0.013547 0.029092 0.081282
v 0.017941 0.029197 0.081304
v 0.017181 0.030042 0.080453
v 0.017273 0.029324 0.074912
v 0.002582 0.022159 0.073906
v 0.019620 0.027604 0.066128
v 0.029376 0.015416 0.044334
v 0.029445 0.015265 0.044962
v 0.029376 0.015416 0.044334
v 0.029303 0.015560 0.044880
v 0.032194 0.005094 0.031947
v 0.004871 -0.029935 0.034931
v 0.023446 -0.020472 0.026275
v -0.017265 -0.025099 0.054345
v -0.022463 -0.021132 0.079137
v -0.022382 -0.021264 0.079439
v -0.023028 -0.020804 0.081422
v -0.023354 -0.020734 0.081306
v -0.023354 -0.020734 0.081306
v -0.024111 -0.020264 0.080925
v -0.023792 -0.020687 0.080184
v -0.023701 -0.014044 0.074137
v 0.013795 0.027767 0.078790
v 0.014267 0.027634 0.080631
v 0.014118 0.029879 0.081438
v 0.017941 0.029197 0.081304
v 0.017487 0.029577 0.081201
v 0.017290 0.029343 0.081415
v -0.017518 0.004819 0.073883
v -0.007701 0.016566 0.073857
v 0.013509 0.027624 0.074276
v 0.012996 0.027977 0.074360
v 0.029020 0.016163 0.043358
v 0.029217 0.015763 0.042751
v 0.030863 0.011537 0.038378
v 0.032151 -0.001660 0.031433
v 0.030477 -0.009084 0.027909
v 0.004618 -0.029966 0.033414
v 0.004719 -0.029959 0.034603
v 0.005065 -0.029904 0.034645
v 0.011752 -0.028174 0.027428
v -0.022152 -0.016472 0.074293
v -0.022682 -0.015755 0.074271
v -0.022713 -0.015428 0.074171
v 0.017261 0.029503 0.079588
v 0.016577 0.030322 0.080254
v 0.015842 0.030196 0.079289
v -0.000765 0.021218 0.073908
v -0.003175 0.018945 0.074094
v 0.003783 0.024364 0.073961
v 0.004082 0.024923 0.074180
v 0.008487 0.029457 0.074027
v 0.029020 0.016163 0.043358
v -0.013787 -0.027009 0.044948
v 0.004719 -0.029959 0.034603
v -0.015484 -0.026157 0.049519
v -0.023799 -0.015786 0.081235
v -0.022753 -0.016045 0.077892
v -0.024126 -0.019778 0.081345
v -0.024126 -0.019778 0.081345
v -0.023174 -0.020785 0.079534
v -0.022422 -0.016244 0.077096
v -0.022496 -0.016163 0.074612
v 0.017487 0.029577 0.081201
v 0.015967 0.030365 0.081279
v -0.003733 0.018457 0.073937
v 0.011825 0.028232 0.074027
v 0.011133 0.028310 0.073958
v 0.004298 0.025715 0.074158
v 0.012469 0.028299 0.075934
v 0.012836 0.027863 0.074075
v -0.019143 0.001808 0.073917
v -0.022340 -0.021113 0.072754
v -0.024404 -0.019923 0.080086
v -0.024274 -0.019430 0.081385
v -0.024274 -0.019430 0.081385
v -0.024635 -0.019245 0.081307
v -0.023021 -0.015277 0.074320
v 0.012412 0.028261 0.076745
v 0.015755 0.030797 0.080928
v 0.015623 0.030353 0.081413
v -0.001276 0.019715 0.073918
v -0.002014 0.020216 0.074151
v 0.002504 0.024725 0.073924
v 0.009905 0.028757 0.073965
v 0.012387 0.028135 0.074165
v -0.019386 -0.000681 0.073914
v 0.029086 0.016052 0.042797
v 0.029293 0.015643 0.041658
v 0.029086 0.016052 0.042797
v 0.029217 0.015763 0.042751
v 0.031681 0.008433 0.035053
v 0.032291 0.003137 0.034151
v 0.031309 -0.006269 0.026461
v 0.004364 -0.029995 0.033244
v 0.004618 -0.029966 0.033414
v -0.022978 -0.021008 0.078534
v -0.023048 -0.015777 0.078992
v -0.023188 -0.015442 0.079614
v -0.024635 -0.019245 0.081307
v -0.025014 -0.019261 0.080877
v -0.023346 -0.020704 0.078916
v -0.023427 -0.014827 0.074282
v 0.012634 0.028346 0.079818
v 0.015048 0.030175 0.081542
v 0.013238 0.028372 0.080889
v 0.015967 0.030365 0.081279
v 0.011532 0.028635 0.074273
v 0.011238 0.028628 0.074105
v 0.004079 0.026720 0.073963
v 0.030033 0.013954 0.036223
v 0.004679 -0.029957 0.032753
v -0.022470 -0.020986 0.069360
v -0.023075 -0.020693 0.077061
v -0.024791 -0.019664 0.080408
v -0.025015 -0.018542 0.081401
v -0.025015 -0.018542 0.081401
v -0.025310 -0.018412 0.081306
v -0.024274 -0.019493 0.079586
v -0.025077 -0.018536 0.079396
v -0.023676 -0.014586 0.074515
v -0.024756 -0.011974 0.074137
v -0.025046 -0.010938 0.074053
v 0.011837 0.028789 0.080506
v 0.015449 0.030613 0.081336
v 0.015623 0.030353 0.081413
v 0.015449 0.030613 0.081336
v -0.002083 0.021630 0.074114
v -0.003748 0.019729 0.073862
v 0.010604 0.028782 0.074028
v 0.017937 0.028780 0.068517
v 0.020126 0.027188 0.056232
v 0.031159 0.010621 0.033658
v 0.029178 0.015918 0.040822
v 0.029174 0.015900 0.041453
v 0.029174 0.015900 0.041453
v 0.022473 0.025167 0.051486
v 0.028665 -0.013224 0.023636
v 0.001737 -0.030246 0.029099
v 0.004364 -0.029995 0.033244
v 0.015507 -0.026476 0.027918
v -0.023857 -0.014597 0.080486
v -0.025413 -0.018065 0.081391
v -0.025436 -0.018836 0.080597
v -0.024986 -0.019095 0.079911
v -0.025219 -0.017510 0.081523
v -0.024627 -0.013183 0.077185
v -0.024307 -0.013247 0.074288
v 0.013255 0.028641 0.081098
v -0.017291 0.007772 0.073891
v -0.001543 0.021202 0.074147
v 0.009039 0.029222 0.074035
v 0.009715 0.029070 0.074023
v 0.010380 0.029034 0.074186
v 0.002408 0.025348 0.074121
v 0.028961 0.016374 0.040083
v 0.004564 -0.029970 0.032428
v 0.004564 -0.029970 0.032428
v 0.004679 -0.029957 0.032753
v -0.022930 -0.020689 0.075844
v -0.025723 -0.017939 0.081277
v -0.025310 -0.018412 0.081306
v -0.024702 -0.012942 0.074563
v -0.023222 -0.006265 0.074000
v 0.014436 0.030878 0.081438
v 0.013456 0.031063 0.081469
v 0.014876 0.031361 0.080379
v 0.014671 0.031457 0.080581
v 0.014436 0.030878 0.081438
v -0.013960 0.014395 0.073895
v -0.002754 0.021615 0.073882
v 0.009280 0.029425 0.074172
v 0.009866 0.029319 0.074395
v 0.008471 0.029720 0.074194
v 0.011230 0.028844 0.076365
v 0.002131 0.025964 0.074194
v 0.006611 0.029877 0.074043
v 0.004934 0.029671 0.074040
v 0.029178 0.015918 0.040822
v -0.007851 -0.029232 0.033149
v 0.004407 -0.030002 0.031158
v -0.019000 -0.023916 0.048764
v -0.024038 -0.014678 0.080867
v -0.025413 -0.018065 0.081391
v -0.025651 -0.018437 0.080115
v 0.014359 0.031221 0.081258
v 0.014641 0.030885 0.079611
v -0.006501 0.020289 0.073894
v 0.000348 0.023871 0.074098
v 0.002813 0.026627 0.074072
v -0.022890 -0.004345 0.073965
v -0.023025 -0.001959 0.073957
v 0.029216 0.015822 0.040293
v 0.029092 0.016094 0.040187
v 0.029216 0.015822 0.040293
v 0.029092 0.016094 0.040187
v 0.008686 -0.029193 0.024493
v 0.004758 -0.029954 0.031834
v -0.024190 -0.014064 0.078004
v -0.025764 -0.017583 0.079552
v -0.025065 -0.012164 0.074313
v -0.025456 -0.011190 0.074140
v 0.010848 0.028951 0.076888
v 0.010602 0.029194 0.078230
v -0.019452 0.006541 0.073905
v -0.016919 0.011800 0.073905
v -0.000677 0.023740 0.074154
v 0.009032 0.029628 0.076911
v 0.002070 0.027993 0.073982
v -0.021188 0.000716 0.073954
v 0.023791 -0.020201 0.021239
v 0.026660 -0.016480 0.026983
v 0.029053 0.016171 0.039850
v 0.028961 0.016374 0.040083
v 0.032313 0.000432 0.029882
v 0.027877 -0.014666 0.023841
v -0.010894 -0.028275 0.036927
v 0.004758 -0.029954 0.031834
v 0.004407 -0.030002 0.031158
v 0.004416 -0.029995 0.030182
v 0.017479 -0.025334 0.026141
v -0.022830 -0.020812 0.073212
v -0.022959 -0.020662 0.069505
v -0.022325 -0.021113 0.062608
v -0.026103 -0.017475 0.081284
v -0.025805 -0.017609 0.081368
v -0.025805 -0.017609 0.081368
v -0.025723 -0.017939 0.081277
v -0.025547 -0.011657 0.074614
v -0.025949 -0.009658 0.074158
v 0.011843 0.031068 0.081470
v 0.012878 0.031536 0.081462
v 0.013434 0.031670 0.081318
v 0.014359 0.031221 0.081258
v 0.013434 0.031670 0.081318
v 0.013452 0.031278 0.073918
v -0.010111 0.018491 0.073891
v 0.000772 0.025665 0.074148
v 0.006733 0.030259 0.076005
v 0.000648 0.026233 0.073966
v 0.029023 0.016228 0.039542
v 0.029023 0.016228 0.039542
v 0.029053 0.016171 0.039850
v 0.028889 0.016497 0.039400
v 0.028889 0.016497 0.039400
v 0.031040 -0.007307 0.022846
v 0.003968 -0.030049 0.030784
v 0.019721 -0.023802 0.025085
v -0.022517 -0.020953 0.065535
v -0.020762 -0.022523 0.055999
v -0.025463 -0.014491 0.081470
v -0.026550 -0.017062 0.081150
v -0.026103 -0.017475 0.081284
v -0.026728 -0.017118 0.080202
v -0.025698 -0.011145 0.074343
v 0.013019 0.032183 0.080696
v 0.013661 0.031266 0.079173
v -0.022174 0.003633 0.073936
v 0.017441 0.029106 0.059656
v 0.029050 0.016123 0.038640
v 0.026969 0.019813 0.039862
v 0.028851 0.016590 0.037214
v 0.032143 -0.001669 0.028096
v 0.007177 -0.029569 0.024468
v -0.027288 -0.016321 0.080542
v -0.026519 -0.016757 0.079726
v -0.026657 -0.016437 0.079569
v -0.026116 -0.010270 0.074365
v -0.026737 -0.007400 0.074083
v 0.012602 0.032053 0.079763
v -0.020968 0.010260 0.073938
v -0.001282 0.024382 0.073905
v 0.007034 0.030152 0.074464
v 0.003037 0.029326 0.074029
v 0.006065 0.030263 0.074226
v -0.024282 -0.002696 0.073989
v 0.015953 0.029941 0.062652
v 0.023566 0.024154 0.043599
v 0.028851 0.016590 0.037214
v 0.029050 0.016123 0.038640
v -0.002309 -0.030209 0.028055
v 0.004104 -0.030037 0.030165
v 0.014331 -0.027096 0.024589
v 0.021132 -0.022642 0.024273
v -0.022820 -0.020802 0.066321
v -0.022456 -0.021000 0.056101
v -0.026925 -0.015959 0.081395
v -0.026925 -0.015959 0.081395
v -0.026333 -0.016693 0.074786
v -0.026078 -0.009967 0.074236
v 0.009213 0.029726 0.080405
v 0.009106 0.030060 0.080948
v 0.012763 0.031838 0.081351
v 0.012878 0.031536 0.081462
v 0.012991 0.032048 0.081053
v 0.012433 0.032455 0.080291
v -0.014400 0.016712 0.073902
v 0.004400 0.030616 0.074359
v -0.026254 -0.006603 0.074060
v 0.028977 0.016322 0.037045
v -0.015646 -0.026025 0.042366
v 0.004416 -0.029995 0.030182
v 0.004104 -0.030037 0.030165
v 0.003981 -0.030060 0.029221
v -0.027202 -0.015835 0.081292
v -0.025033 -0.012738 0.080380
v -0.027358 -0.015921 0.079999
v -0.025819 -0.010771 0.077051
v -0.026474 -0.009741 0.075923
v 0.010069 0.029585 0.080764
v 0.012763 0.031838 0.081351
v 0.012394 0.031862 0.081406
v 0.012328 0.032152 0.081280
v 0.012394 0.031862 0.081406
v 0.005000 0.030543 0.076196
v 0.005744 0.030107 0.074084
v 0.004549 0.030249 0.074013
v 0.000814 0.029777 0.073953
v 0.028990 0.016300 0.036710
v 0.031713 0.008473 0.022927
v -0.016900 -0.025317 0.045206
v 0.003981 -0.030060 0.029221
v 0.003968 -0.030049 0.030784
v 0.015182 -0.026681 0.021529
v -0.024446 -0.019059 0.070311
v -0.022807 -0.020799 0.063411
v -0.027163 -0.014934 0.081516
v -0.025526 -0.012280 0.080860
v -0.025409 -0.011815 0.077185
v -0.026529 -0.009194 0.074592
v -0.026640 -0.008648 0.074315
v 0.011790 0.032260 0.081369
v 0.011790 0.032260 0.081369
v -0.003918 0.025721 0.073945
v 0.008103 0.030003 0.078503
v 0.006717 0.030288 0.078189
v -0.023146 0.006319 0.073929
v -0.023479 -0.000391 0.073940
v 0.028977 0.016322 0.037045
v 0.028990 0.016300 0.036710
v 0.028949 0.016374 0.036140
v 0.022640 -0.021302 0.023644
v -0.019926 -0.023188 0.048019
v -0.027043 -0.007835 0.074336
v -0.027043 -0.007503 0.074212
v 0.006816 0.031531 0.081334
v 0.010374 0.032694 0.081414
v 0.011837 0.032540 0.081067
v 0.011552 0.032486 0.081254
v 0.012325 0.032052 0.079397
v 0.011693 0.032032 0.076776
v -0.003107 0.027889 0.073999
v 0.004391 0.030486 0.074112
v 0.002259 0.030554 0.074035
v 0.002621 0.030148 0.073934
v 0.013072 0.031408 0.064103
v 0.028897 0.016488 0.036470
v 0.028808 0.016661 0.036158
v 0.028897 0.016488 0.036470
v 0.028870 0.016536 0.035510
v 0.026454 -0.016897 0.023569
v 0.030318 -0.009614 0.021087
v -0.022919 -0.020708 0.059600
v -0.026086 -0.010812 0.079083
v -0.027677 -0.015400 0.081098
v -0.027909 -0.015374 0.080521
v -0.026427 -0.009706 0.077113
v -0.026965 -0.008406 0.074819
v -0.026844 -0.006725 0.073989
v 0.011559 0.032775 0.080519
v 0.011552 0.032486 0.081254
v 0.010657 0.032794 0.081259
v 0.010657 0.032794 0.081259
v -0.021925 0.009387 0.073943
v 0.019886 0.027323 0.049094
v 0.031370 0.010018 0.025809
v 0.028949 0.016374 0.036140
v 0.028808 0.016661 0.036158
v -0.027471 -0.014961 0.081442
v -0.027202 -0.015835 0.081292
v -0.026858 -0.011816 0.081425
v -0.026347 -0.011200 0.081044
v -0.027327 -0.015608 0.079828
v -0.028020 -0.015159 0.080245
v -0.027471 -0.015285 0.081374
v -0.027471 -0.015285 0.081374
v -0.027122 -0.015589 0.077741
v -0.027619 -0.006430 0.074764
v -0.027011 -0.006147 0.074036
v 0.009101 0.032465 0.081493
v 0.010619 0.032838 0.079601
v 0.010684 0.033026 0.080095
v -0.019334 0.013965 0.073916
v -0.010938 0.022457 0.073943
v -0.000124 0.029327 0.074004
v 0.002848 0.030827 0.074497
v -0.027559 -0.003089 0.073966
v -0.027308 -0.004676 0.073948
v 0.022255 0.025350 0.047574
v 0.023874 0.023796 0.040680
v 0.028752 0.016766 0.033599
v 0.031543 -0.005350 0.023408
v -0.004383 -0.029957 0.029542
v 0.004228 -0.030054 0.025605
v -0.026287 -0.010337 0.080194
v -0.028126 -0.013564 0.081496
v -0.027610 -0.015049 0.079717
v -0.027471 -0.014961 0.081442
v -0.027778 -0.014795 0.081330
v -0.027529 -0.006026 0.074237
v 0.010086 0.032890 0.081347
v 0.010086 0.032890 0.081347
v 0.010374 0.032694 0.081414
v -0.004309 0.025412 0.073922
v 0.004819 0.030719 0.078722
v 0.003030 0.030720 0.074234
v 0.000753 0.030637 0.074002
v -0.025969 -0.002688 0.074041
v 0.030109 0.013866 0.029427
v 0.032330 0.003741 0.025143
v -0.026389 -0.016603 0.065435
v -0.022913 -0.020722 0.056516
v -0.028321 -0.014069 0.081244
v 0.010043 0.033277 0.080721
v 0.009735 0.032830 0.081393
v -0.017013 0.018234 0.073940
v 0.003492 0.030817 0.075763
v 0.001447 0.030858 0.074120
v -0.000517 0.030655 0.073969
v -0.024970 0.004014 0.073943
v -0.026303 0.000450 0.074003
v -0.014318 -0.026765 0.035779
v 0.003922 -0.030060 0.027820
v 0.011882 -0.028159 0.022554
v -0.022272 -0.021169 0.051219
v -0.028065 -0.014209 0.081371
v -0.028065 -0.014209 0.081371
v -0.027778 -0.014795 0.081330
v -0.026378 -0.010875 0.080917
v -0.027967 -0.005206 0.077222
v -0.027724 -0.005744 0.074420
v -0.027603 -0.004843 0.074027
v -0.008066 0.023162 0.073934
v 0.004028 0.030772 0.077593
v -0.001237 0.030640 0.074029
v 0.000449 0.030744 0.074066
v -0.023335 0.004805 0.073950
v 0.013203 0.031372 0.068708
v 0.015383 0.030297 0.059576
v 0.017642 0.028937 0.053400
v 0.027127 0.019542 0.034050
v 0.028870 0.016536 0.035510
v 0.028635 0.016980 0.033801
v 0.032189 0.005515 0.025017
v 0.029574 -0.011395 0.019622
v 0.032092 -0.003007 0.021145
v -0.006480 -0.029587 0.027747
v 0.003579 -0.030113 0.027790
v 0.003579 -0.030113 0.027790
v 0.003824 -0.030088 0.026721
v 0.003922 -0.030060 0.027820
v 0.003544 -0.030113 0.026864
v -0.028321 -0.014069 0.081244
v -0.028430 -0.013484 0.079548
v 0.007318 0.030374 0.080716
v 0.007219 0.033045 0.081479
v 0.007945 0.033818 0.080181
v 0.009100 0.033112 0.081373
v 0.009735 0.032830 0.081393
v 0.009100 0.033112 0.081373
v 0.008620 0.033033 0.077576
v -0.013675 0.019495 0.073923
v -0.004688 0.026662 0.073954
v -0.002490 0.029094 0.073997
v 0.003536 0.030745 0.076956
v -0.000295 0.030885 0.074171
v -0.027934 -0.003578 0.074166
v 0.026131 0.020949 0.034749
v 0.028635 0.016980 0.033801
v 0.032437 0.001686 0.021105
v 0.003477 -0.030124 0.026183
v 0.003544 -0.030113 0.026864
v 0.003774 -0.030091 0.026373
v 0.003774 -0.030091 0.026373
v 0.003824 -0.030088 0.026721
v -0.024709 -0.018755 0.061428
v -0.022902 -0.020804 0.050062
v -0.028707 -0.013849 0.080869
v -0.029033 -0.011545 0.081483
v -0.028717 -0.012758 0.081417
v -0.028336 -0.013778 0.081364
v -0.026804 -0.009135 0.078718
v -0.027923 -0.004387 0.074154
v 0.005174 0.031005 0.080954
v 0.008776 0.033037 0.081411
v 0.008409 0.033594 0.081064
v 0.007843 0.033870 0.080614
v 0.008582 0.033301 0.081298
v 0.008776 0.033037 0.081411
v -0.021295 0.013401 0.073920
v 0.005350 0.030785 0.080712
v 0.001026 0.030975 0.075212
v -0.026760 0.003248 0.073998
v 0.023896 -0.020085 0.017514
v 0.028752 0.016766 0.033599
v -0.013664 -0.027095 0.031119
v 0.006327 -0.029750 0.020921
v 0.003477 -0.030124 0.026183
v 0.013292 -0.027602 0.017987
v 0.020234 -0.023445 0.017817
v -0.028336 -0.013778 0.081364
v -0.028822 -0.013744 0.080263
v -0.028259 -0.013407 0.077919
v -0.029278 -0.012876 0.080590
v 0.008582 0.033301 0.081298
v -0.024235 0.011668 0.073978
v 0.003652 0.030851 0.078500
v 0.001817 0.030916 0.076691
v -0.001784 0.030826 0.074303
v -0.028110 -0.003783 0.074339
v -0.028090 -0.001985 0.074133
v -0.026418 -0.000430 0.073982
v 0.029526 0.015256 0.029254
v 0.028526 0.017188 0.032856
v 0.028693 0.016894 0.032386
v 0.028526 0.017188 0.032856
v 0.026264 -0.017074 0.020409
v -0.018420 -0.024284 0.038740
v -0.022168 -0.021240 0.043778
v 0.003321 -0.030143 0.024896
v 0.017394 -0.025410 0.019985
v -0.027236 -0.015286 0.065586
v -0.027921 -0.009928 0.081463
v -0.026740 -0.009453 0.080410
v -0.028803 -0.013030 0.081287
v -0.028803 -0.013030 0.081287
v -0.027208 -0.007862 0.077420
v 0.007760 0.033544 0.079565
v 0.010272 0.032464 0.070407
v 0.000532 0.030929 0.077284
v -0.000978 0.030777 0.074150
v -0.028419 -0.001955 0.074281
v 0.022856 0.024832 0.041121
v 0.019662 0.027513 0.044699
v 0.028189 -0.014153 0.018200
v 0.031103 -0.007382 0.019354
v 0.004228 -0.030054 0.025605
v 0.021442 -0.022433 0.019869
v -0.025845 -0.017346 0.054635
v -0.027910 -0.007247 0.080947
v -0.028717 -0.012758 0.081417
v -0.029139 -0.012240 0.081337
v -0.029260 -0.011651 0.081407
v -0.029669 -0.012062 0.080297
v -0.028190 -0.004470 0.075902
v 0.005483 0.031249 0.081132
v 0.007343 0.033349 0.081418
v -0.002822 0.030352 0.074033
v 0.002938 0.031005 0.080330
v -0.028469 -0.002592 0.074410
v 0.028693 0.016894 0.032386
v 0.009461 -0.028995 0.018697
v -0.029139 -0.012240 0.081337
v -0.027622 -0.006934 0.079121
v -0.027767 -0.006388 0.079993
v 0.003460 0.031968 0.081269
v 0.007129 0.033623 0.081361
v 0.007343 0.033349 0.081418
v -0.015757 0.021999 0.073990
v -0.004915 0.028313 0.073970
v 0.003342 0.030921 0.077579
v -0.028206 -0.001074 0.074038
v -0.028130 -0.000436 0.074131
v -0.026587 0.001841 0.073959
v 0.028674 0.016951 0.031056
v 0.028674 0.016951 0.031056
v 0.028494 0.017279 0.030556
v 0.032327 -0.001033 0.021089
v -0.020326 -0.022797 0.036966
v -0.022331 -0.021086 0.047770
v -0.000380 -0.030300 0.021058
v 0.003321 -0.030143 0.024896
v 0.003593 -0.030119 0.024011
v -0.001282 -0.030283 0.025100
v -0.029260 -0.011651 0.081407
v -0.029790 -0.010916 0.081266
v 0.011536 0.032024 0.066210
v 0.006774 0.033549 0.081428
v 0.007129 0.033623 0.081361
v 0.006723 0.033991 0.081051
v -0.026901 0.007843 0.074028
v -0.007268 0.029567 0.074058
v 0.002438 0.030841 0.077880
v -0.003119 0.030519 0.074087
v -0.002210 0.030828 0.076166
v -0.028400 -0.001322 0.074102
v -0.028341 0.002787 0.074048
v 0.014536 0.030694 0.053663
v 0.003350 -0.030135 0.024270
v 0.003572 -0.030120 0.023688
v -0.027433 -0.014838 0.069842
v -0.029029 -0.006818 0.081438
v -0.029628 -0.011816 0.081036
v -0.029358 -0.011822 0.079720
v 0.006774 0.033549 0.081428
v 0.008206 0.033052 0.075811
v -0.020716 0.017621 0.073997
v -0.011933 0.025231 0.074020
v -0.013237 0.024394 0.074016
v -0.011227 0.027214 0.074046
v -0.003729 0.030286 0.074098
v 0.001385 0.031033 0.078065
v -0.002995 0.030693 0.074323
v -0.028645 -0.000841 0.074501
v -0.028428 -0.000614 0.074244
v -0.027335 0.000829 0.073966
v -0.028227 0.001423 0.074072
v 0.028589 0.017102 0.030815
v 0.030475 0.012979 0.020639
v -0.022429 -0.021030 0.044908
v 0.003350 -0.030135 0.024270
v 0.003593 -0.030119 0.024011
v 0.003572 -0.030120 0.023688
v 0.003070 -0.030178 0.022597
v 0.003185 -0.030158 0.023694
v -0.030126 -0.011101 0.080361
v -0.027581 -0.007434 0.080599
v -0.029790 -0.010916 0.081266
v -0.029531 -0.010624 0.076511
v 0.006567 0.033766 0.081325
v 0.006045 0.034242 0.080332
v 0.005684 0.033891 0.079497
v -0.025530 0.008393 0.073961
v -0.025993 0.011214 0.074001
v -0.004394 0.030235 0.074049
v -0.006112 0.029657 0.074025
v 0.028358 0.017542 0.030111
v 0.028589 0.017102 0.030815
v 0.028358 0.017542 0.030111
v 0.031792 -0.004487 0.020329
v -0.009449 -0.028794 0.027317
v -0.012153 -0.027779 0.027989
v 0.002970 -0.030175 0.023451
v 0.002970 -0.030175 0.023451
v 0.003185 -0.030158 0.023694
v -0.025343 -0.017946 0.048414
v -0.029760 -0.010609 0.081395
v -0.030133 -0.008451 0.081472
v -0.029756 -0.011597 0.080001
v -0.028106 -0.005083 0.078117
v 0.004855 0.033205 0.081469
v 0.006567 0.033766 0.081325
v 0.006214 0.033708 0.081393
v 0.006214 0.033708 0.081393
v -0.025213 0.009189 0.074026
v -0.024612 0.013520 0.073998
v -0.003796 0.030505 0.074309
v -0.003903 0.030593 0.074657
v -0.003102 0.030839 0.075404
v 0.002053 0.031323 0.080912
v -0.001133 0.030912 0.077312
v -0.028762 -0.000268 0.074664
v -0.028760 -0.000331 0.076594
v -0.028459 0.000838 0.074123
v -0.028483 0.002157 0.074162
v -0.027948 0.004582 0.073983
v 0.011590 0.032006 0.060562
v 0.029995 0.014077 0.025453
v 0.026212 0.020921 0.027412
v 0.028494 0.017279 0.030556
v -0.029760 -0.010609 0.081395
v -0.030025 -0.010414 0.081266
v -0.030025 -0.010414 0.081266
v -0.029898 -0.010559 0.079509
v -0.028567 -0.002397 0.077809
v 0.005379 0.033988 0.081308
v -0.027623 0.006249 0.073994
v -0.019392 0.021130 0.073985
v -0.015250 0.024178 0.074025
v -0.004690 0.030408 0.074168
v -0.028703 0.000608 0.074310
v -0.028668 0.001901 0.074258
v 0.012574 0.031614 0.057142
v 0.017756 0.028822 0.044911
v 0.028422 0.017408 0.029186
v -0.004504 -0.029986 0.023811
v 0.005564 0.033767 0.081402
v 0.005564 0.033767 0.081402
v 0.005459 0.034355 0.080581
v -0.024273 0.016788 0.074045
v -0.005571 0.030279 0.074414
v -0.006457 0.030030 0.074186
v -0.005155 0.030440 0.074854
v -0.004528 0.030635 0.076091
v -0.028894 0.002931 0.074848
v -0.028652 0.002889 0.074178
v 0.007604 0.033239 0.067518
v 0.028422 0.017408 0.029186
v -0.017890 -0.024651 0.027338
v -0.022792 -0.020851 0.042930
v -0.026917 -0.015736 0.058806
v -0.030029 -0.010462 0.079774
v -0.030971 -0.008815 0.080677
v -0.030360 -0.008923 0.081429
v -0.028624 -0.012470 0.071910
v -0.028316 -0.004434 0.080311
v 0.004881 0.034160 0.081241
v 0.005564 0.033659 0.077645
v -0.026908 0.011822 0.074083
v -0.012949 0.025480 0.073963
v -0.007601 0.029746 0.074136
v -0.009129 0.029065 0.074046
v -0.006794 0.030013 0.074280
v -0.000045 0.031142 0.080411
v -0.001369 0.031005 0.078238
v -0.028580 0.003853 0.074182
v -0.028357 0.004487 0.074071
v -0.028296 0.005433 0.074114
v 0.024440 0.023066 0.034129
v 0.028268 0.017689 0.029184
v 0.003070 -0.030178 0.022597
v -0.031065 -0.008708 0.080360
v -0.030360 -0.008923 0.081429
v -0.030655 -0.008782 0.081212
v -0.030307 -0.009585 0.078700
v 0.004494 0.033816 0.081402
v 0.005078 0.033980 0.081360
v 0.005379 0.033988 0.081308
v 0.005078 0.033980 0.081360
v -0.026820 0.010177 0.073974
v -0.015381 0.025903 0.074006
v -0.012108 0.027232 0.074042
v -0.003877 0.030656 0.077121
v -0.028583 0.004930 0.074498
v -0.028452 0.004858 0.074179
v 0.015358 0.030226 0.044823
v 0.028355 0.017521 0.027397
v 0.028268 0.017689 0.029184
v 0.007493 -0.029514 0.018499
v -0.027791 -0.014170 0.060906
v -0.028742 -0.001586 0.078279
v 0.004881 0.034160 0.081241
v 0.004604 0.034080 0.081326
v 0.004771 0.034445 0.080246
v -0.027860 0.008161 0.074025
v -0.026430 0.012206 0.073944
v -0.022768 0.018704 0.073985
v -0.008370 0.029461 0.074125
v -0.007845 0.029812 0.074352
v -0.000485 0.031314 0.080890
v 0.000609 0.031507 0.081041
v -0.028172 0.006995 0.074098
v 0.011109 0.032170 0.056358
v 0.032032 -0.003044 0.018143
v -0.022259 -0.021119 0.040573
v 0.013789 -0.027441 0.014167
v 0.011536 -0.028332 0.015980
v -0.028395 -0.005220 0.080887
v 0.004604 0.034080 0.081326
v 0.003995 0.034149 0.081305
v 0.004494 0.033816 0.081402
v 0.005058 0.033720 0.069803
v -0.027521 0.008686 0.073960
v -0.027986 0.006781 0.073999
v -0.027528 0.009367 0.074069
v -0.027758 0.009206 0.074186
v -0.025927 0.013431 0.074025
v -0.021591 0.019890 0.073949
v -0.020978 0.020944 0.074044
v -0.017589 0.022899 0.073976
v -0.009051 0.029409 0.074513
v -0.008141 0.029809 0.074842
v -0.006496 0.030188 0.076746
v 0.002008 0.033754 0.081475
v -0.003166 0.030900 0.080590
v -0.028523 0.005857 0.074543
v -0.028769 0.003918 0.075837
v 0.009597 0.032693 0.062101
v 0.026186 -0.017282 0.015924
v 0.020458 0.026897 0.038713
v 0.017770 0.028887 0.037002
v 0.022315 0.025309 0.034340
v 0.027565 -0.015275 0.014634
v 0.030116 -0.010275 0.016003
v 0.004078 -0.030148 0.016243
v 0.022193 -0.021834 0.013134
v -0.027547 -0.014639 0.054645
v -0.030691 -0.008141 0.081352
v -0.030655 -0.008782 0.081212
v -0.028831 -0.001470 0.080473
v 0.003415 0.034444 0.081124
v 0.001927 0.034717 0.080418
v -0.027923 0.008971 0.074404
v -0.027603 0.009872 0.074481
v -0.027369 0.010390 0.074182
v -0.025116 0.014754 0.074008
v -0.025013 0.015655 0.074070
v -0.014743 0.026161 0.074064
v -0.010571 0.028325 0.074058
v -0.009934 0.029081 0.074318
v -0.011004 0.027916 0.073971
v -0.001773 0.032216 0.081329
v -0.028296 0.007500 0.074550
v -0.028785 0.001985 0.076931
v 0.013715 0.031047 0.046007
v 0.025723 -0.017986 0.013784
v 0.032426 0.002998 0.017213
v 0.029006 -0.012735 0.014823
v 0.002944 -0.030229 0.019592
v 0.002685 -0.030234 0.020205
v 0.002685 -0.030234 0.020205
v 0.002411 -0.030276 0.019226
v 0.019409 -0.024086 0.014558
v -0.028762 -0.012310 0.063258
v -0.029743 -0.009972 0.069807
v -0.030691 -0.008141 0.081352
v -0.030905 -0.007921 0.081246
v -0.031241 -0.007994 0.080315
v -0.030898 -0.008196 0.079659
v -0.028853 -0.004504 0.081100
v -0.029953 -0.004145 0.081436
v 0.003995 0.034149 0.081305
v 0.003438 0.034218 0.081300
v -0.027036 0.012039 0.074529
v -0.026648 0.012384 0.074173
v -0.025925 0.014099 0.074162
v -0.025337 0.015237 0.074277
v -0.024839 0.016303 0.074214
v -0.024564 0.016735 0.074144
v -0.016085 0.025417 0.074033
v -0.013877 0.027069 0.074144
v -0.005420 0.030420 0.077251
v -0.011263 0.028211 0.074026
v -0.010776 0.028595 0.074171
v 0.002072 0.034103 0.081415
v -0.001946 0.030944 0.079975
v 0.029026 0.016316 0.023848
v 0.008727 -0.029257 0.014708
v -0.026106 -0.016910 0.044511
v -0.030866 -0.007608 0.081372
v -0.030905 -0.007921 0.081246
v -0.031307 -0.007210 0.081077
v -0.030934 -0.006206 0.081454
v -0.028797 -0.002614 0.080671
v -0.029102 -0.001894 0.080917
v 0.003438 0.034218 0.081300
v 0.002945 0.034130 0.079527
v 0.002540 0.034002 0.077255
v -0.027452 0.010573 0.075851
v -0.026193 0.013216 0.074057
v -0.026004 0.014315 0.074446
v -0.025787 0.014648 0.074313
v -0.025459 0.015309 0.074581
v -0.024739 0.016640 0.074382
v -0.021787 0.020487 0.074120
v -0.022271 0.019770 0.074070
v -0.022929 0.019038 0.074060
v -0.023541 0.018106 0.074087
v -0.019613 0.022634 0.074042
v -0.019067 0.023071 0.074027
v -0.013001 0.027426 0.074010
v -0.007749 0.029857 0.077071
v -0.008915 0.029410 0.075838
v -0.010567 0.028933 0.075820
v -0.011837 0.028035 0.074172
v -0.011427 0.028424 0.074258
v 0.001104 0.034113 0.081435
v -0.004184 0.030757 0.080354
v -0.005693 0.030376 0.079425
v -0.028369 0.006745 0.075596
v -0.028773 0.003922 0.077731
v -0.028509 0.006371 0.076510
v 0.032238 -0.001951 0.014415
v -0.022200 -0.021145 0.037257
v 0.002944 -0.030229 0.019592
v 0.022986 -0.021062 0.014335
v -0.030866 -0.007608 0.081372
v -0.031520 -0.006598 0.079822
v -0.031261 -0.006320 0.081356
v -0.031277 -0.006706 0.081270
v -0.031277 -0.006706 0.081270
v -0.030830 -0.007003 0.076891
v 0.002072 0.034103 0.081415
v -0.027730 0.009928 0.076012
v -0.024258 0.017281 0.074260
v -0.024041 0.017797 0.074387
v -0.023508 0.018426 0.074211
v -0.022998 0.019243 0.074369
v -0.017338 0.024473 0.074033
v -0.018197 0.023732 0.073971
v -0.015150 0.026222 0.074074
v -0.015727 0.025860 0.074094
v -0.012049 0.028138 0.074406
v -0.013104 0.027642 0.074211
v 0.001786 0.034340 0.081312
v 0.001786 0.034340 0.081312
v -0.002381 0.031162 0.080824
v -0.028969 0.001615 0.079859
v 0.009183 0.032786 0.052407
v 0.026705 0.020246 0.024498
v 0.028355 0.017521 0.027397
v 0.031236 -0.006994 0.013987
v 0.002411 -0.030276 0.019226
v 0.002628 -0.030256 0.018969
v -0.031622 -0.006773 0.080511
v -0.030074 -0.009034 0.072378
v -0.028915 0.000228 0.079925
v 0.002154 0.034622 0.080976
v 0.000623 0.034167 0.079181
v -0.027004 0.011802 0.076986
v -0.022065 0.020323 0.074252
v -0.021431 0.021037 0.074333
v -0.021723 0.020807 0.074298
v -0.020875 0.021505 0.074138
v -0.018715 0.023553 0.074220
v -0.019591 0.022987 0.074130
v -0.016396 0.025534 0.074164
v -0.016983 0.025049 0.074128
v -0.013656 0.027328 0.074266
v -0.014246 0.026988 0.074260
v -0.015477 0.026148 0.074197
v -0.013507 0.027533 0.074620
v -0.016601 0.025624 0.074746
v -0.007569 0.029898 0.078341
v -0.007068 0.030149 0.078985
v -0.012725 0.027968 0.075295
v -0.000273 0.033804 0.081473
v -0.001671 0.033930 0.081470
v 0.001104 0.034113 0.081435
v 0.000886 0.034333 0.081349
v 0.000574 0.034266 0.081381
v 0.000886 0.034333 0.081349
v -0.002340 0.031413 0.081079
v -0.028911 0.003530 0.079120
v 0.023652 0.024019 0.025654
v 0.032161 0.006237 0.017147
v 0.032464 0.002023 0.014175
v -0.018964 -0.023865 0.029540
v -0.022665 -0.020938 0.038614
v -0.003925 -0.030074 0.020736
v 0.002179 -0.030282 0.018066
v 0.015462 -0.026688 0.009333
v -0.027057 -0.015485 0.046457
v -0.031554 -0.006519 0.079379
v -0.031489 -0.006020 0.081235
v -0.031261 -0.006320 0.081356
v -0.029565 -0.003219 0.081323
v -0.027652 0.009704 0.077162
v -0.025241 0.015883 0.077599
v -0.020855 0.021774 0.074328
v -0.020847 0.021890 0.074625
v -0.018221 0.024088 0.074075
v -0.017698 0.024485 0.074106
v -0.019591 0.023136 0.074439
v -0.017266 0.024973 0.074356
v -0.008860 0.029519 0.076639
v -0.010597 0.028841 0.076887
v 0.001609 0.034686 0.080767
v 0.000305 0.034408 0.081288
v 0.000574 0.034266 0.081381
v -0.004164 0.031041 0.080971
v 0.027866 0.018393 0.025942
v 0.028178 0.017873 0.024692
v 0.027866 0.018393 0.025942
v -0.001711 -0.030308 0.016049
v 0.002628 -0.030256 0.018969
v 0.020421 -0.023373 0.011790
v -0.031489 -0.006020 0.081235
v 0.001279 0.034263 0.079510
v 0.001811 0.034625 0.080133
v -0.023359 0.018782 0.076648
v -0.022773 0.019485 0.076788
v -0.018441 0.024075 0.074345
v -0.015416 0.026390 0.077420
v -0.011851 0.028336 0.077673
v -0.000013 0.034646 0.080982
v 0.000305 0.034408 0.081288
v 0.000104 0.034166 0.081385
v 0.006900 0.033403 0.063986
v 0.006471 0.033489 0.060560
v -0.024089 -0.019397 0.039040
v 0.002179 -0.030282 0.018066
v -0.007167 -0.029462 0.019536
v -0.029905 -0.009641 0.063581
v -0.028186 -0.013359 0.049863
v -0.031415 -0.005336 0.081392
v -0.030777 -0.006949 0.076069
v -0.031380 -0.004973 0.081461
v -0.029287 0.000830 0.080889
v -0.028141 0.007888 0.077149
v -0.024310 0.017448 0.076070
v -0.021507 0.021216 0.075761
v -0.019555 0.023131 0.077533
v -0.013614 0.027417 0.076387
v -0.001119 0.034054 0.081446
v -0.000884 0.034290 0.081353
v 0.000816 0.034693 0.080120
v -0.000191 0.034737 0.080286
v 0.000104 0.034166 0.081385
v -0.000884 0.034290 0.081353
v 0.010965 0.032187 0.046741
v 0.027824 0.018458 0.025339
v 0.027824 0.018458 0.025339
v 0.029751 0.014786 0.016463
v -0.014798 -0.026527 0.023732
v -0.016442 -0.025577 0.023395
v 0.006060 -0.029845 0.015261
v 0.017082 -0.025740 0.010784
v -0.031943 -0.005526 0.080470
v -0.031798 -0.004959 0.081121
v -0.031415 -0.005336 0.081392
v -0.031798 -0.004959 0.081121
v -0.029062 0.001976 0.080568
v -0.022296 0.020297 0.078122
v -0.016812 0.025518 0.076755
v -0.021305 0.021352 0.077516
v -0.016385 0.025729 0.075922
v -0.008989 0.029547 0.078900
v -0.008025 0.029869 0.078759
v -0.002356 0.032889 0.081447
v -0.004797 0.030824 0.080783
v 0.005448 0.033661 0.062060
v 0.019405 0.027722 0.033097
v 0.022995 0.024670 0.029257
v 0.028178 0.017873 0.024692
v 0.031808 -0.004850 0.013546
v -0.010794 -0.028348 0.021726
v -0.022203 -0.021130 0.035593
v -0.025718 -0.017417 0.038782
v 0.002083 -0.030294 0.017278
v 0.011391 -0.028420 0.012280
v -0.031539 -0.004682 0.077836
v -0.031863 -0.005007 0.079774
v -0.027572 0.010756 0.078583
v -0.024417 0.017196 0.077657
v -0.010456 0.028985 0.077628
v -0.011989 0.028389 0.078963
v -0.006333 0.030488 0.080761
v -0.007463 0.029980 0.079885
v -0.028579 0.006440 0.078865
v 0.027766 0.018581 0.024312
v 0.028116 0.017984 0.024379
v 0.028116 0.017984 0.024379
v -0.020207 -0.022876 0.030841
v -0.032184 -0.004280 0.080311
v -0.031924 -0.004711 0.079279
v -0.032042 -0.003416 0.081233
v -0.031384 -0.003125 0.081491
v -0.030233 -0.000291 0.081435
v 0.003174 0.033950 0.069588
v -0.014328 0.026992 0.077184
v -0.008764 0.029650 0.080193
v -0.001665 0.034278 0.081361
v -0.002236 0.034013 0.081421
v -0.001119 0.034054 0.081446
v -0.001665 0.034278 0.081361
v -0.002049 0.034279 0.079675
v -0.001808 0.034670 0.080743
v -0.002844 0.034057 0.081383
v -0.006166 0.030706 0.080974
v -0.006309 0.031390 0.081321
v -0.028768 0.005166 0.078916
v 0.007615 0.033209 0.052366
v 0.027855 0.018422 0.023991
v 0.027766 0.018581 0.024312
v -0.022744 -0.020862 0.035192
v -0.029324 -0.011005 0.055147
v -0.029985 0.001247 0.081391
v -0.028138 0.008759 0.078798
v -0.026795 0.012840 0.078608
v -0.016471 0.025684 0.077536
v -0.009845 0.029143 0.078738
v -0.002484 0.034469 0.081158
v -0.001547 0.034633 0.080156
v -0.005285 0.033605 0.081420
v -0.002517 0.034187 0.081359
v -0.002517 0.034187 0.081359
v -0.002236 0.034013 0.081421
v -0.028887 0.004570 0.080412
v 0.008856 0.032867 0.047605
v 0.027855 0.018422 0.023991
v 0.027706 0.018655 0.023794
v 0.030108 -0.010548 0.010477
v -0.022261 -0.021112 0.032945
v 0.001943 -0.030286 0.016622
v -0.030742 -0.006913 0.065912
v -0.028893 -0.011975 0.053842
v -0.031982 -0.004098 0.079748
v -0.032042 -0.003416 0.081233
v -0.032183 -0.002807 0.081140
v -0.031392 -0.004655 0.076817
v -0.000098 0.034080 0.073293
v -0.027542 0.010912 0.080006
v -0.024462 0.017373 0.078503
v -0.023885 0.018197 0.077744
v -0.009855 0.029252 0.079932
v -0.002844 0.034057 0.081383
v -0.007878 0.030315 0.081003
v -0.029658 0.003768 0.081205
v -0.028599 0.006632 0.080357
v 0.015561 0.030160 0.035333
v 0.027804 0.018516 0.023163
v 0.027706 0.018655 0.023794
v 0.028968 0.016451 0.018569
v 0.027863 0.018463 0.022024
v 0.031172 0.010939 0.017441
v 0.032421 -0.000263 0.011904
v 0.003406 -0.030233 0.014284
v 0.002369 -0.030271 0.015903
v 0.009169 -0.029222 0.009639
v -0.031768 -0.000541 0.081496
v -0.031866 0.001263 0.081462
v -0.027874 0.009613 0.079976
v -0.025625 0.015390 0.077919
v -0.013517 0.027581 0.078024
v -0.004251 0.034059 0.081358
v -0.009495 0.030248 0.081245
v -0.006630 0.032508 0.081470
v -0.029074 0.005220 0.080849
v 0.027793 -0.015067 0.010220
v 0.013208 0.031284 0.039433
v 0.027804 0.018516 0.023163
v 0.027936 0.018311 0.022915
v 0.031713 0.008734 0.013089
v -0.022731 -0.020895 0.033185
v -0.027559 -0.014416 0.039091
v 0.002243 -0.030284 0.015289
v 0.001943 -0.030286 0.016622
v 0.002243 -0.030284 0.015289
v 0.002369 -0.030271 0.015903
v 0.023294 -0.020884 0.010632
v -0.029317 -0.010938 0.046616
v -0.032053 -0.002601 0.081291
v -0.032183 -0.002807 0.081140
v -0.026696 0.013212 0.080036
v -0.023219 0.019277 0.079169
v -0.021596 0.021273 0.078778
v -0.015104 0.026760 0.077986
v -0.009788 0.029400 0.080537
v -0.004136 0.034266 0.081164
v -0.003157 0.034504 0.080142
v -0.004251 0.034059 0.081358
v 0.027033 -0.016341 0.008291
v 0.020201 0.027169 0.025084
v 0.027936 0.018311 0.022915
v -0.025336 -0.017826 0.033073
v -0.026931 -0.015649 0.038822
v 0.002083 -0.030294 0.017278
v 0.007229 -0.029685 0.009608
v -0.029964 -0.009443 0.061678
v -0.032580 -0.001820 0.080424
v -0.032053 -0.002601 0.081291
v -0.032202 -0.002088 0.081194
v 0.001488 0.034074 0.065639
v -0.027856 0.010261 0.080449
v -0.025696 0.015275 0.079907
v -0.017521 0.025022 0.078714
v -0.010551 0.028958 0.080104
v -0.011942 0.028315 0.079798
v -0.009787 0.029755 0.081026
v -0.004514 0.034406 0.080382
v -0.004770 0.034006 0.081310
v -0.004770 0.034006 0.081310
v -0.030244 0.004720 0.081426
v 0.004237 0.033847 0.058835
v 0.017122 0.029249 0.034240
v 0.027863 0.018463 0.022024
v 0.024644 0.022872 0.022135
v 0.032359 0.004974 0.011226
v 0.002042 -0.030304 0.015031
v 0.002042 -0.030304 0.015031
v 0.002209 -0.030297 0.014720
v 0.001488 -0.030324 0.014081
v 0.002934 -0.030352 0.010518
v -0.030527 -0.007756 0.062813
v -0.032223 -0.002048 0.079635
v -0.032183 -0.002862 0.079821
v -0.031655 -0.003379 0.076921
v -0.032292 -0.001486 0.081181
v -0.032202 -0.002088 0.081194
v -0.032292 -0.001486 0.081181
v -0.032321 -0.000227 0.081252
v -0.032257 -0.000827 0.081246
v -0.032146 0.000644 0.081396
v -0.028163 0.009122 0.080542
v -0.020300 0.022651 0.078913
v -0.019460 0.023351 0.078881
v -0.015281 0.026602 0.079177
v -0.014403 0.027182 0.079028
v -0.014432 0.027132 0.080198
v -0.005795 0.034099 0.080974
v -0.005913 0.033657 0.081390
v -0.005285 0.033605 0.081420
v -0.005913 0.033657 0.081390
v -0.029785 0.005390 0.081311
v 0.002051 -0.030305 0.014412
v 0.002209 -0.030297 0.014720
v 0.002051 -0.030305 0.014412
v 0.012104 -0.028236 0.008771
v 0.024716 -0.019344 0.008470
v 0.021597 -0.022492 0.009788
v -0.032528 -0.002051 0.080241
v -0.032626 -0.001259 0.080591
v -0.032315 0.000364 0.081291
v -0.028693 0.007282 0.080738
v -0.028368 0.009131 0.080840
v -0.025718 0.015735 0.080635
v -0.023023 0.019525 0.080046
v -0.013180 0.027996 0.080724
v -0.003564 0.034243 0.079706
v -0.007296 0.033187 0.081432
v -0.006413 0.033661 0.081375
v -0.006158 0.033831 0.081290
v -0.006158 0.033831 0.081290
v -0.029407 0.007537 0.081314
v 0.003107 0.033972 0.059677
v 0.026120 0.021072 0.020636
v 0.031295 -0.007162 0.007980
v 0.001488 -0.030324 0.014081
v 0.001977 -0.030325 0.013739
v -0.000555 -0.030358 0.012914
v -0.029367 -0.010706 0.054264
v -0.031575 -0.003484 0.070764
v -0.032257 -0.000827 0.081246
v -0.032321 -0.000227 0.081252
v -0.032440 0.000055 0.081162
v -0.032440 0.000055 0.081162
v -0.032315 0.000364 0.081291
v -0.032637 0.000638 0.080836
v -0.032466 0.000631 0.081146
v -0.032466 0.000631 0.081146
v -0.032333 0.000891 0.081285
v -0.002089 0.034021 0.074130
v -0.027385 0.012307 0.080769
v -0.024265 0.017715 0.079710
v -0.025211 0.016497 0.080397
v -0.021686 0.021112 0.079751
v -0.006886 0.033884 0.080991
v -0.006413 0.033661 0.081375
v -0.031405 0.004184 0.081477
v -0.029816 0.006559 0.081365
v 0.031021 0.011398 0.014300
v 0.030905 -0.008466 0.008010
v 0.002042 -0.030349 0.011789
v -0.032262 -0.001063 0.079037
v -0.032333 0.000891 0.081285
v -0.032317 0.002551 0.081320
v -0.032470 0.002264 0.081202
v -0.004565 0.033834 0.076841
v -0.027812 0.012446 0.081154
v -0.024687 0.017447 0.080567
v -0.019969 0.022941 0.079993
v -0.017489 0.025131 0.080353
v -0.016338 0.025926 0.080205
v -0.011952 0.028844 0.081032
v -0.011700 0.031159 0.081476
v -0.005438 0.034270 0.080418
v -0.005586 0.034049 0.079732
v -0.008550 0.032714 0.081474
v -0.007296 0.033187 0.081432
v -0.007958 0.033323 0.081348
v -0.008161 0.033081 0.081417
v -0.007958 0.033323 0.081348
v -0.007188 0.033934 0.080614
v 0.027572 0.018919 0.020715
v 0.027572 0.018919 0.020715
v 0.030587 0.012700 0.016234
v 0.032065 -0.003708 0.009194
v -0.022919 -0.020719 0.030058
v 0.001679 -0.030337 0.013479
v 0.001977 -0.030325 0.013739
v 0.001879 -0.030334 0.012879
v 0.001679 -0.030337 0.013479
v -0.009305 -0.028862 0.017494
v -0.008461 -0.029205 0.011403
v -0.030134 -0.008913 0.054390
v -0.032008 -0.000612 0.077024
v -0.032703 -0.000328 0.080381
v -0.032685 -0.000051 0.080177
v -0.032250 -0.000582 0.079457
v -0.032470 0.002264 0.081202
v -0.028995 0.010382 0.081349
v -0.026624 0.014629 0.080966
v -0.025877 0.015830 0.080887
v -0.020989 0.021995 0.080277
v -0.014725 0.026873 0.079564
v -0.013119 0.028536 0.081190
v -0.004404 0.034169 0.079152
v -0.031720 0.005607 0.081442
v 0.009469 0.032673 0.042310
v 0.017898 0.028812 0.030745
v 0.027429 0.019098 0.020445
v 0.027623 0.018801 0.020406
v 0.027623 0.018801 0.020406
v 0.027516 0.018937 0.019800
v 0.029017 -0.013004 0.007166
v 0.032521 0.002805 0.008968
v -0.012312 -0.027729 0.021011
v -0.032732 0.001308 0.080218
v -0.032753 0.001529 0.080529
v -0.028191 0.012645 0.081334
v -0.026794 0.015282 0.081255
v -0.024649 0.018128 0.080964
v -0.023332 0.019621 0.080819
v -0.021712 0.021534 0.080788
v -0.021986 0.021471 0.080954
v -0.020649 0.022610 0.080766
v -0.014588 0.027312 0.080815
v -0.012073 0.030146 0.081420
v -0.015040 0.027209 0.081004
v -0.008840 0.032944 0.081401
v -0.008161 0.033081 0.081417
v -0.009152 0.033026 0.081314
v -0.008840 0.032944 0.081401
v -0.032321 0.003108 0.081289
v -0.032442 0.002823 0.081180
v -0.031030 0.007919 0.081464
v 0.027429 0.019098 0.020445
v 0.023460 0.024161 0.018304
v -0.022031 -0.021245 0.028774
v -0.019932 -0.023141 0.025407
v -0.026615 -0.016131 0.036445
v 0.001879 -0.030334 0.012879
v 0.001818 -0.030353 0.012299
v 0.001818 -0.030353 0.012299
v 0.014687 -0.027086 0.003732
v 0.019642 -0.024092 0.005367
v -0.032353 0.001370 0.079672
v -0.032442 0.002823 0.081180
v -0.032317 0.002551 0.081320
v -0.030154 0.011851 0.081439
v -0.028545 0.015918 0.081433
v -0.027590 0.013815 0.081299
v -0.015839 0.027104 0.081198
v -0.005896 0.033987 0.078883
v -0.009929 0.033090 0.080938
v -0.006708 0.033883 0.079762
v -0.008664 0.033515 0.080295
v -0.032746 0.003205 0.080358
v -0.032373 0.004320 0.081161
v -0.032224 0.005257 0.081224
v 0.002638 0.033974 0.051563
v 0.006078 0.033543 0.048899
v 0.027516 0.018937 0.019800
v -0.031552 -0.003347 0.063123
v -0.031305 -0.004692 0.064067
v -0.032674 0.003859 0.080138
v -0.025168 0.018311 0.081241
v -0.024100 0.019799 0.081257
v -0.018305 0.024734 0.080790
v -0.016397 0.026408 0.081057
v -0.010494 0.032487 0.081354
v -0.032321 0.003108 0.081289
v -0.032492 0.004038 0.081008
v -0.032492 0.004038 0.081008
v -0.032409 0.005131 0.081003
v 0.027402 0.019115 0.019542
v 0.027402 0.019115 0.019542
v 0.027196 0.019453 0.018997
v 0.022020 0.025568 0.020805
v 0.027375 0.019171 0.018928
v -0.012697 -0.027587 0.016473
v -0.022619 -0.020967 0.028089
v -0.028414 -0.012761 0.038983
v 0.001760 -0.030365 0.011710
v 0.002042 -0.030349 0.011789
v 0.004709 -0.030170 0.007457
v -0.031947 -0.000625 0.071718
v -0.032248 0.003973 0.079574
v -0.002115 0.034025 0.068854
v -0.030371 0.009578 0.081466
v -0.026751 0.016567 0.081396
v -0.021123 0.022548 0.081051
v -0.021609 0.023462 0.081346
v -0.019486 0.024157 0.081093
v -0.016516 0.027384 0.081358
v -0.009152 0.033026 0.081314
v -0.009870 0.032830 0.081278
v -0.011023 0.032213 0.081394
v -0.010827 0.032483 0.081287
v -0.010639 0.032922 0.080264
v -0.007488 0.033608 0.078712
v -0.032373 0.004320 0.081161
v -0.032609 0.004643 0.080649
v -0.032224 0.005257 0.081224
v -0.032251 0.005594 0.081161
v -0.032409 0.005131 0.081003
v -0.032251 0.005594 0.081161
v -0.032131 0.005941 0.081245
v -0.000158 0.034089 0.056748
v 0.013149 0.031341 0.032041
v 0.010896 0.032227 0.039326
v 0.027354 0.019188 0.018311
v 0.030170 -0.010482 0.007455
v -0.022282 -0.021061 0.026932
v -0.003169 -0.030239 0.008752
v 0.001760 -0.030365 0.011710
v 0.001235 -0.030395 0.011044
v -0.002262 0.034007 0.063656
v -0.031441 0.008035 0.081392
v -0.024840 0.019828 0.081355
v -0.012566 0.031664 0.081369
v -0.009870 0.032830 0.081278
v -0.010494 0.032487 0.081354
v -0.010827 0.032483 0.081287
v -0.011342 0.032282 0.081306
v -0.011579 0.032097 0.081316
v -0.011342 0.032282 0.081306
v -0.011023 0.032213 0.081394
v -0.011624 0.032366 0.081095
v -0.032205 0.006948 0.080973
v -0.032559 0.005541 0.080520
v -0.032131 0.005941 0.081245
v -0.032618 0.004628 0.080273
v 0.028185 -0.014522 0.007076
v 0.027375 0.019171 0.018928
v 0.027176 0.019466 0.017668
v 0.020722 0.026721 0.022758
v 0.027196 0.019453 0.018997
v 0.027352 0.019210 0.016988
v -0.030738 0.011544 0.081373
v -0.024478 0.022110 0.081431
v -0.015438 0.029856 0.081475
v -0.013245 0.031258 0.081439
v -0.011201 0.032729 0.080705
v -0.011579 0.032097 0.081316
v -0.010041 0.032731 0.079548
v -0.032431 0.006100 0.080169
v -0.032465 0.006331 0.080361
v -0.031999 0.007177 0.081173
v -0.032205 0.006948 0.080973
v -0.031905 0.007817 0.081192
v 0.006317 0.033468 0.041962
v 0.026880 -0.016558 0.006132
v 0.027354 0.019188 0.018311
v 0.027297 0.019277 0.015729
v 0.027176 0.019466 0.017668
v -0.027155 -0.015151 0.034976
v -0.031032 -0.005821 0.054684
v -0.030011 -0.009197 0.046802
v -0.032075 0.000695 0.074931
v -0.031558 0.008944 0.081293
v -0.031039 0.011380 0.081214
v -0.031457 0.009969 0.081171
v -0.030384 0.012474 0.081346
v -0.030011 0.013616 0.081352
v -0.026894 0.019438 0.081398
v -0.021084 0.025840 0.081453
v -0.019342 0.026434 0.081462
v -0.012458 0.031952 0.081223
v -0.014125 0.030918 0.081407
v -0.012458 0.031952 0.081223
v -0.012381 0.032291 0.080318
v -0.012381 0.032308 0.080637
v -0.031935 0.006618 0.079501
v -0.032243 0.007798 0.080400
v -0.031999 0.007177 0.081173
v -0.032061 0.007831 0.080938
v -0.032061 0.007831 0.080938
v -0.031822 0.008403 0.081135
v 0.025249 0.022113 0.017915
v 0.032296 -0.001987 0.008041
v -0.022764 -0.020863 0.026232
v -0.029677 -0.010099 0.039033
v 0.001055 -0.030401 0.010817
v 0.001235 -0.030395 0.011044
v 0.010433 -0.028886 0.005268
v 0.022527 -0.021668 0.005724
v 0.017807 -0.025332 0.006401
v -0.031748 0.009421 0.080880
v -0.031606 0.009728 0.081024
v -0.030701 0.012868 0.081053
v -0.029403 0.014914 0.081372
v -0.027806 0.018225 0.081347
v -0.013451 0.031506 0.081224
v -0.012566 0.031664 0.081369
v -0.014992 0.030497 0.081368
v -0.014005 0.031187 0.081286
v -0.013645 0.031281 0.081323
v 0.015852 0.030030 0.027673
v 0.027352 0.019210 0.016988
v 0.030467 0.013215 0.008507
v 0.011987 -0.028296 0.004030
v 0.024604 -0.019474 0.005359
v -0.004762 0.033715 0.071934
v -0.031822 0.008403 0.081135
v -0.031748 0.009421 0.080880
v -0.031606 0.009728 0.081024
v -0.031664 0.010219 0.080662
v -0.031099 0.011774 0.080912
v -0.031664 0.010219 0.080662
v -0.030987 0.012409 0.080811
v -0.031085 0.012351 0.080540
v -0.030266 0.013746 0.081160
v -0.028845 0.016719 0.081249
v -0.027774 0.018905 0.081108
v -0.029336 0.015471 0.081347
v -0.025432 0.021715 0.081381
v -0.017996 0.028126 0.081463
v -0.013451 0.031506 0.081224
v -0.015582 0.030212 0.081356
v -0.016697 0.029503 0.081398
v -0.014794 0.030834 0.081285
v -0.015409 0.030488 0.081245
v -0.014794 0.030834 0.081285
v -0.015409 0.030488 0.081245
v -0.014992 0.030497 0.081368
v -0.014125 0.030918 0.081407
v -0.014005 0.031187 0.081286
v -0.013645 0.031281 0.081323
v -0.032185 0.007699 0.080098
v -0.001724 0.034027 0.059910
v 0.003691 0.033898 0.048028
v 0.018825 0.028165 0.023639
v 0.016694 0.029535 0.025679
v 0.031096 0.011328 0.007761
v -0.028765 -0.012037 0.034309
v 0.021038 -0.022990 0.005514
v -0.031491 -0.003633 0.062203
v -0.032001 0.008846 0.080247
v -0.031655 0.009774 0.079968
v -0.031099 0.011774 0.080912
v -0.031266 0.011788 0.080294
v -0.031492 0.010912 0.080170
v -0.030987 0.012409 0.080811
v -0.031085 0.012351 0.080540
v -0.030720 0.013382 0.080469
v -0.031013 0.012611 0.080337
v -0.030517 0.013967 0.080552
v -0.030070 0.014538 0.081051
v -0.028694 0.017800 0.080603
v -0.029069 0.016857 0.080871
v -0.027495 0.019038 0.081212
v -0.026965 0.019776 0.081300
v -0.026309 0.021085 0.081103
v -0.022907 0.024382 0.081427
v -0.025039 0.022558 0.081212
v -0.025411 0.022084 0.081252
v -0.015925 0.030193 0.081262
v -0.015925 0.030193 0.081262
v -0.015582 0.030212 0.081356
v -0.016128 0.030412 0.080769
v -0.012113 0.031849 0.079542
v -0.008398 0.033008 0.076358
v -0.031817 0.007330 0.079627
v 0.000086 0.034077 0.052595
v -0.019299 -0.023626 0.019104
v -0.017358 -0.025031 0.017063
v -0.005412 -0.029887 0.011410
v 0.001180 -0.030440 0.009507
v 0.001055 -0.030401 0.010817
v 0.001180 -0.030440 0.009507
v -0.030884 0.012644 0.080059
v -0.031013 0.012611 0.080337
v -0.030739 0.013178 0.080210
v -0.030739 0.013178 0.080210
v -0.030517 0.013967 0.080552
v -0.030720 0.013382 0.080469
v -0.030318 0.014378 0.080425
v -0.029101 0.017034 0.080293
v -0.029956 0.015326 0.080560
v -0.027837 0.019208 0.080559
v -0.027259 0.019773 0.081103
v -0.020402 0.026782 0.081390
v -0.014236 0.031405 0.080131
v -0.016697 0.029503 0.081398
v -0.017023 0.029539 0.081288
v -0.015334 0.030888 0.080225
v -0.012683 0.031520 0.079248
v 0.004667 0.033759 0.040895
v 0.031955 0.007815 0.008339
v 0.029533 -0.011951 0.004644
v 0.032423 -0.001316 0.005011
v 0.031969 -0.004391 0.003487
v 0.016841 -0.025885 0.002965
v 0.001186 -0.030443 0.008387
v -0.031497 0.008888 0.079555
v -0.031268 0.009762 0.079542
v -0.030871 0.011339 0.079652
v -0.031268 0.010409 0.079738
v -0.030431 0.014120 0.080305
v -0.030431 0.014120 0.080305
v -0.030206 0.014565 0.080160
v -0.028783 0.017605 0.080284
v -0.028135 0.018725 0.080217
v -0.029355 0.016461 0.080312
v -0.027320 0.020050 0.080540
v -0.027477 0.019729 0.080596
v -0.026936 0.020499 0.080668
v -0.026567 0.021062 0.080497
v -0.025704 0.022189 0.080646
v -0.024953 0.022840 0.081080
v -0.023849 0.023962 0.081208
v -0.024391 0.023568 0.081044
v -0.021766 0.026018 0.081255
v -0.017023 0.029539 0.081288
v -0.017509 0.029247 0.081259
v -0.017961 0.028835 0.081332
v -0.018535 0.028620 0.081165
v -0.018757 0.028391 0.081236
v -0.017348 0.029508 0.081113
v -0.016997 0.029956 0.080353
v -0.031896 0.005574 0.073596
v -0.003700 0.033854 0.062033
v 0.007281 0.033288 0.035595
v 0.028284 0.017706 0.013513
v 0.028381 -0.014122 0.004231
v -0.026570 -0.016112 0.027008
v -0.031366 -0.004505 0.054496
v -0.006042 0.033475 0.064212
v -0.030689 0.012005 0.079498
v -0.030451 0.012919 0.079762
v -0.029850 0.014067 0.079534
v -0.030318 0.014378 0.080425
v -0.029986 0.015205 0.080288
v -0.030206 0.014565 0.080160
v -0.029194 0.016729 0.080183
v -0.028869 0.017289 0.080153
v -0.028783 0.017605 0.080284
v -0.028529 0.017799 0.079973
v -0.028869 0.017289 0.080153
v -0.027477 0.019729 0.080596
v -0.027460 0.019867 0.080321
v -0.027837 0.019208 0.080559
v -0.028135 0.018725 0.080217
v -0.027670 0.019117 0.079898
v -0.029825 0.015340 0.080064
v -0.029426 0.016166 0.080064
v -0.027460 0.019867 0.080321
v -0.027126 0.020320 0.080455
v -0.026567 0.021062 0.080497
v -0.027084 0.020378 0.080146
v -0.026936 0.020499 0.080668
v -0.027126 0.020320 0.080455
v -0.026375 0.021212 0.080725
v -0.026388 0.021310 0.080286
v -0.026105 0.021762 0.080393
v -0.026375 0.021212 0.080725
v -0.026105 0.021762 0.080393
v -0.022706 0.024913 0.081351
v -0.023754 0.024273 0.081014
v -0.023754 0.024273 0.081014
v -0.024391 0.023568 0.081044
v -0.023849 0.023962 0.081208
v -0.024953 0.022840 0.081080
v -0.025467 0.022649 0.080334
v -0.025704 0.022189 0.080646
v -0.025002 0.023093 0.080129
v -0.020740 0.026821 0.081259
v -0.019379 0.027899 0.081291
v -0.017961 0.028835 0.081332
v -0.018535 0.028620 0.081165
v -0.017509 0.029247 0.081259
v -0.017348 0.029508 0.081113
v -0.019044 0.028383 0.081085
v -0.018757 0.028391 0.081236
v -0.019044 0.028383 0.081085
v -0.014323 0.030749 0.079466
v -0.017882 0.029429 0.080334
v -0.015719 0.030444 0.079908
v -0.031594 0.007863 0.074561
v 0.000747 0.034090 0.047144
v 0.019421 0.027726 0.019831
v 0.028861 0.016700 0.010149
v 0.027297 0.019277 0.015729
v -0.022187 -0.021114 0.022989
v -0.022537 -0.021021 0.023428
v 0.007177 -0.029757 0.004128
v 0.000657 -0.030455 0.008690
v 0.017629 -0.025367 0.002795
v -0.030804 0.011261 0.079383
v -0.030551 0.012240 0.079178
v -0.029825 0.015340 0.080064
v -0.029986 0.015205 0.080288
v -0.029355 0.016461 0.080312
v -0.029241 0.016091 0.079823
v -0.029426 0.016166 0.080064
v -0.029194 0.016729 0.080183
v -0.029101 0.017034 0.080293
v -0.027333 0.019565 0.079923
v -0.028034 0.017741 0.079563
v -0.027504 0.018568 0.079587
v -0.029426 0.016166 0.080064
v -0.029241 0.016091 0.079823
v -0.027320 0.020050 0.080540
v -0.026360 0.021091 0.079950
v -0.023794 0.024518 0.080377
v -0.021766 0.026018 0.081255
v -0.022678 0.025612 0.080577
v -0.025792 0.022156 0.080249
v -0.025335 0.022658 0.080021
v -0.020318 0.027310 0.081155
v -0.020740 0.026821 0.081259
v -0.020318 0.027310 0.081155
v -0.019316 0.028164 0.081128
v -0.018771 0.028795 0.080336
v -0.017385 0.029537 0.079964
v -0.015900 0.030152 0.079788
v -0.015557 0.030175 0.079665
v 0.026730 -0.016699 0.003692
v 0.026934 0.019847 0.013402
v -0.001320 -0.030402 0.007644
v 0.000657 -0.030455 0.008690
v 0.000726 -0.030468 0.007901
v 0.001186 -0.030443 0.008387
v -0.031999 -0.000102 0.063527
v -0.031377 -0.004142 0.046054
v -0.030600 -0.007381 0.044777
v -0.028790 0.016523 0.079708
v -0.028099 0.017478 0.079381
v -0.026742 0.019833 0.079654
v -0.029182 0.015828 0.079660
v -0.029275 0.015535 0.079645
v -0.029020 0.015695 0.079403
v -0.029182 0.015828 0.079660
v -0.026410 0.020344 0.079458
v -0.024445 0.023701 0.080140
v -0.025410 0.021660 0.079514
v -0.024798 0.022440 0.079434
v -0.021404 0.026812 0.080293
v -0.019316 0.028164 0.081128
v -0.019379 0.027899 0.081291
v -0.020016 0.027907 0.080556
v -0.017105 0.029250 0.079554
v -0.002646 0.033973 0.054437
v 0.023413 -0.020674 0.003346
v 0.025247 -0.018519 0.002190
v 0.017431 0.029100 0.019123
v 0.032553 0.000854 0.003163
v 0.031206 -0.007460 0.002547
v -0.014833 -0.026536 0.016185
v -0.020648 -0.022538 0.020797
v -0.029900 -0.009334 0.031211
v 0.000726 -0.030468 0.007901
v 0.000686 -0.030464 0.007552
v -0.029194 0.015378 0.079344
v -0.029275 0.015535 0.079645
v -0.029194 0.015378 0.079344
v -0.028948 0.015729 0.079105
v -0.026050 0.020839 0.079529
v -0.023519 0.024776 0.080159
v -0.022692 0.025595 0.080262
v -0.024273 0.023305 0.079735
v -0.018768 0.028631 0.080021
v -0.019521 0.027730 0.079595
v 0.027392 -0.015678 0.002723
v 0.021248 0.026263 0.016405
v 0.026934 0.019847 0.013402
v 0.032453 0.004045 0.005893
v 0.030197 -0.010389 0.003698
v -0.022705 -0.020915 0.022109
v -0.030186 -0.008606 0.040305
v 0.000686 -0.030464 0.007552
v -0.031101 -0.005550 0.038464
v -0.032081 0.003127 0.074571
v -0.026633 0.019771 0.079335
v -0.029113 0.015485 0.079004
v -0.025064 0.022001 0.079079
v -0.023703 0.023692 0.079522
v -0.023170 0.024589 0.079636
v -0.021935 0.025764 0.079442
v -0.020455 0.027533 0.080223
v -0.021281 0.026498 0.079682
v -0.017923 0.028639 0.079361
v 0.012277 0.031741 0.025405
v 0.026833 0.020041 0.011987
v -0.024625 -0.018707 0.018818
v 0.012161 -0.028078 0.001940
v 0.014163 -0.027179 0.001839
v 0.010961 -0.028603 0.002358
v 0.001074 -0.030442 0.007119
v 0.001074 -0.030442 0.007119
v 0.022995 -0.020986 0.002123
v 0.019761 -0.023736 0.002172
v -0.031959 -0.000530 0.061704
v -0.032059 0.002144 0.069574
v -0.032037 0.001319 0.062218
v -0.030199 0.012969 0.076574
v -0.029187 0.015319 0.078339
v -0.029051 0.015612 0.078379
v -0.029113 0.015485 0.079004
v -0.029051 0.015612 0.078379
v -0.028948 0.015729 0.079105
v -0.020740 0.026826 0.079647
v -0.012692 0.031449 0.074453
v 0.006952 0.033373 0.030584
v 0.017011 0.029362 0.023110
v -0.022207 -0.021119 0.021283
v -0.022220 -0.021110 0.018428
v -0.004954 -0.030022 0.006816
v 0.005393 -0.030036 0.002556
v 0.000746 -0.030467 0.004214
v 0.000496 -0.030444 0.006395
v -0.009227 0.032686 0.069778
v -0.023121 0.024428 0.079369
v -0.019755 0.027475 0.079417
v 0.009735 0.032646 0.030781
v 0.026748 0.020146 0.012350
v 0.026602 0.020332 0.012634
v 0.024690 0.022831 0.012528
v 0.029889 -0.010991 0.002651
v -0.028215 -0.013038 0.029255
v -0.012100 -0.027957 0.008020
v -0.028953 0.015787 0.077388
v -0.029187 0.015319 0.078339
v 0.024451 -0.019381 0.001993
v 0.013914 0.031049 0.023480
v 0.022721 0.024892 0.014086
v 0.026748 0.020146 0.012350
v 0.026640 0.020307 0.012022
v 0.026602 0.020332 0.012634
v 0.026640 0.020307 0.012022
v -0.009155 -0.029031 0.008272
v 0.016099 -0.026162 0.001909
v 0.000496 -0.030444 0.006395
v -0.001718 -0.030366 0.002993
v 0.018380 -0.024606 0.001610
v -0.032016 0.004089 0.067015
v -0.030818 0.010908 0.070347
v -0.021361 0.026337 0.078078
v -0.004415 0.033729 0.054426
v 0.004408 0.033797 0.033644
v 0.027514 0.019088 0.007319
v 0.026855 0.019988 0.011305
v 0.032313 0.005659 0.006079
v 0.028881 -0.012996 0.002097
v 0.032329 -0.001091 0.001782
v 0.031408 -0.006416 0.001938
v 0.030624 -0.008685 0.001541
v 0.008039 -0.029360 0.001790
v 0.000322 -0.030460 0.004731
v -0.031979 -0.000139 0.053786
v -0.028878 0.015896 0.076748
v -0.028878 0.015896 0.076748
v -0.028953 0.015787 0.077388
v -0.002805 0.033971 0.049757
v 0.019464 0.027689 0.014596
v 0.026833 0.020041 0.011987
v 0.026465 0.020562 0.010629
v 0.026659 0.020265 0.011225
v 0.026855 0.019988 0.011305
v 0.026648 0.020297 0.010825
v 0.026659 0.020265 0.011225
v -0.016377 -0.025741 0.012327
v -0.029185 -0.011047 0.028693
v -0.030615 -0.007207 0.032371
v -0.030517 -0.007697 0.039639
v 0.013282 -0.027131 0.000941
v 0.000322 -0.030460 0.004731
v 0.016940 -0.025370 0.001289
v 0.019172 -0.023776 0.001031
v -0.031857 -0.001505 0.054638
v -0.028939 0.015756 0.076466
v -0.019037 0.027827 0.076357
v -0.016380 0.029506 0.068602
v 0.025878 -0.017192 0.001208
v 0.026648 0.020297 0.010825
v 0.026465 0.020562 0.010629
v 0.027210 -0.015669 0.001730
v 0.029539 -0.011301 0.001581
v 0.032469 0.003890 0.002308
v 0.015861 -0.025717 0.000792
v 0.011759 -0.027763 0.000872
v 0.023357 -0.020349 0.001515
v 0.020592 -0.022659 0.001057
v -0.028840 0.015962 0.076245
v -0.028939 0.015756 0.076466
v -0.024268 0.022950 0.076009
v -0.007143 0.033293 0.058869
v -0.008139 0.033052 0.059968
v -0.001340 0.034051 0.044840
v 0.002793 0.033979 0.034370
v 0.026707 -0.015723 0.000912
v 0.025095 -0.018138 0.001137
v 0.014402 0.030768 0.021873
v 0.028488 -0.012985 0.001121
v 0.031838 -0.004086 0.001568
v 0.029898 -0.009631 0.000887
v 0.030574 -0.008135 0.000925
v -0.014478 -0.026878 0.007738
v -0.022594 -0.020965 0.018443
v -0.019764 -0.023328 0.012585
v 0.015196 -0.025511 0.000392
v 0.009780 -0.028624 0.001166
v 0.004885 -0.029801 0.001322
v 0.017214 -0.024691 0.000648
v 0.019087 -0.023611 0.000759
v 0.021909 -0.021437 0.000990
v -0.027819 0.017853 0.071438
v -0.012168 0.031643 0.067741
v 0.025585 -0.017204 0.000875
v 0.022772 0.024926 0.010158
v 0.026410 0.020664 0.009601
v 0.029650 0.015186 0.007260
v 0.030037 -0.008125 0.000464
v 0.012909 -0.027014 0.000643
v 0.007891 -0.029069 0.000949
v 0.003947 -0.030133 0.001900
v 0.001731 -0.030366 0.002196
v -0.004412 0.033777 0.047222
v 0.025374 -0.016532 0.000339
v 0.011726 0.031952 0.022964
v 0.032061 0.007511 0.003335
v 0.028960 -0.011011 0.000551
v 0.032406 0.001161 0.001526
v 0.031416 -0.004397 0.000834
v 0.010410 -0.027893 0.000538
v 0.016452 -0.024210 0.000215
v 0.021380 -0.020789 0.000298
v 0.022387 -0.020427 0.000596
v 0.020798 -0.021836 0.000546
v -0.031853 -0.001058 0.044479
v -0.031798 0.006350 0.068840
v -0.028944 0.015721 0.075330
v -0.028840 0.015962 0.076245
v -0.028944 0.015721 0.075330
v -0.022031 0.025284 0.073379
v -0.018179 0.028361 0.071190
v 0.028022 -0.013055 0.000602
v 0.027252 -0.013665 0.000336
v 0.024773 -0.018014 0.000687
v 0.023901 -0.018535 0.000400
v 0.011015 0.032212 0.026445
v 0.028708 0.017115 0.004015
v 0.026536 0.020491 0.009319
v 0.028433 -0.010735 0.000189
v 0.030147 -0.006852 0.000292
v -0.017829 -0.024880 0.009799
v -0.005582 -0.029895 0.003862
v 0.014313 -0.024902 0.000166
v 0.012668 -0.025971 0.000204
v 0.010538 -0.027167 0.000214
v 0.005684 -0.029138 0.000557
v 0.002092 -0.030219 0.001674
v 0.000371 -0.030438 0.002970
v 0.000746 -0.030467 0.004214
v 0.000059 -0.030421 0.002885
v 0.000371 -0.030438 0.002970
v 0.019352 -0.022032 0.000140
v -0.032074 0.003120 0.063449
v -0.032051 0.001733 0.054550
v -0.007638 0.033148 0.051214
v 0.000173 0.034097 0.032692
v 0.026801 -0.013510 0.000140
v 0.024280 0.023384 0.008366
v 0.025968 0.021329 0.007565
v 0.026410 0.020664 0.009601
v 0.026287 0.020843 0.008857
v 0.026536 0.020491 0.009319
v 0.026510 0.020529 0.008944
v 0.026510 0.020529 0.008944
v 0.030594 0.012877 0.002835
v 0.031409 0.010354 0.003007
v 0.032074 -0.001176 0.001171
v 0.028986 -0.008718 0.000129
v -0.022439 -0.021046 0.016651
v -0.022749 -0.020795 0.015898
v 0.015415 -0.024304 0.000157
v 0.013198 -0.025477 0.000164
v 0.013443 -0.025239 0.000148
v 0.009570 -0.027352 0.000196
v 0.007659 -0.028457 0.000395
v 0.003729 -0.029845 0.001070
v 0.000059 -0.030421 0.002885
v 0.015588 -0.024019 0.000148
v -0.031926 0.005072 0.062775
v -0.032026 0.003377 0.062178
v -0.021073 0.026284 0.074379
v -0.031281 0.009206 0.068300
v 0.024546 -0.015970 0.000063
v 0.024563 -0.016746 0.000184
v 0.009826 0.032594 0.024833
v 0.026401 0.020693 0.008598
v 0.026287 0.020843 0.008857
v 0.026434 0.020653 0.008218
v 0.031849 -0.001288 0.000827
v 0.030993 -0.003815 0.000388
v 0.028889 -0.007786 0.000077
v -0.022241 -0.021105 0.015032
v -0.031075 -0.005461 0.035739
v 0.013454 -0.024905 0.000165
v 0.015107 -0.024233 0.000159
v 0.012951 -0.025173 0.000165
v 0.013198 -0.025477 0.000164
v 0.012951 -0.025173 0.000165
v 0.013443 -0.025239 0.000148
v 0.013454 -0.024905 0.000165
v 0.011079 -0.026742 0.000211
v 0.011412 -0.026494 0.000208
v 0.010781 -0.026910 0.000199
v 0.009570 -0.027352 0.000196
v 0.010781 -0.026910 0.000199
v 0.010538 -0.027167 0.000214
v 0.008891 -0.027709 0.000233
v 0.011056 -0.026433 0.000191
v 0.011079 -0.026742 0.000211
v 0.006264 -0.028581 0.000285
v 0.006538 -0.028331 0.000225
v 0.005520 -0.028934 0.000406
v 0.000168 -0.030392 0.002292
v 0.000168 -0.030392 0.002292
v 0.016839 -0.022943 0.000121
v 0.021920 -0.018765 0.000127
v -0.030318 0.012475 0.068519
v -0.028807 0.015990 0.073617
v -0.026541 0.019923 0.069966
v 0.014329 0.030819 0.016308
v 0.026434 0.020653 0.008218
v 0.026401 0.020693 0.008598
v 0.031867 0.008245 0.002304
v 0.032183 0.000734 0.001090
v 0.032090 0.003850 0.000974
v 0.032285 0.005167 0.001998
v 0.028011 -0.010512 0.000094
v 0.027984 -0.009131 0.000101
v 0.013597 -0.024091 0.000324
v 0.015107 -0.024233 0.000159
v 0.015588 -0.024019 0.000148
v 0.015415 -0.024304 0.000157
v 0.014313 -0.024902 0.000166
v 0.011563 -0.026161 0.000189
v 0.011563 -0.026161 0.000189
v 0.012668 -0.025971 0.000204
v 0.011412 -0.026494 0.000208
v 0.011056 -0.026433 0.000191
v 0.008885 -0.027044 0.000089
v 0.008891 -0.027709 0.000233
v 0.008566 -0.027599 0.000165
v 0.008566 -0.027599 0.000165
v 0.007911 -0.028019 0.000254
v 0.007617 -0.027899 0.000171
v 0.007391 -0.028126 0.000210
v 0.007617 -0.027899 0.000171
v 0.007911 -0.028019 0.000254
v 0.005520 -0.028934 0.000406
v 0.006538 -0.028331 0.000225
v 0.006264 -0.028581 0.000285
v 0.005223 -0.028762 0.000302
v 0.003113 -0.029553 0.000642
v 0.004595 -0.028898 0.000345
v 0.005223 -0.028762 0.000302
v 0.002055 -0.029733 0.000731
v -0.000186 -0.030193 0.001506
v 0.015860 -0.023508 0.000148
v 0.016037 -0.023186 0.000154
v 0.016470 -0.023049 0.000132
v 0.016547 -0.022743 0.000180
v 0.016547 -0.022743 0.000180
v 0.017091 -0.022303 0.000192
v 0.016839 -0.022943 0.000121
v 0.019476 -0.021421 0.000075
v -0.031670 0.007480 0.063730
v -0.011317 0.031956 0.061438
v -0.029440 0.014683 0.069409
v -0.028983 0.015628 0.072513
v 0.027102 -0.012194 0.000061
v 0.026169 -0.012456 0.000165
v 0.023743 -0.017140 0.000110
v 0.005856 0.033548 0.026948
v 0.027064 -0.011143 0.000101
v 0.031371 -0.000660 0.000337
v 0.030297 -0.003016 0.000066
v -0.008746 -0.029142 0.003628
v -0.002189 -0.030214 0.001873
v 0.015560 -0.023405 0.000184
v 0.007712 -0.026851 0.000120
v 0.005899 -0.027733 0.000092
v 0.007391 -0.028126 0.000210
v 0.003113 -0.029553 0.000642
v 0.002790 -0.029467 0.000525
v 0.004595 -0.028898 0.000345
v 0.002630 -0.029683 0.000692
v -0.000186 -0.030193 0.001506
v 0.016037 -0.023186 0.000154
v 0.016470 -0.023049 0.000132
v 0.015860 -0.023508 0.000148
v 0.015560 -0.023405 0.000184
v 0.016137 -0.021995 0.000620
v 0.017774 -0.022006 0.000147
v 0.017091 -0.022303 0.000192
v -0.028807 0.015990 0.073617
v 0.023916 -0.015219 0.000290
v 0.011405 0.032025 0.018232
v 0.031895 0.000693 0.000731
v 0.031836 0.004029 0.000672
v 0.030858 -0.000604 0.000136
v 0.029609 -0.004108 0.000082
v -0.030196 -0.008416 0.027294
v -0.027268 -0.014861 0.022662
v -0.004412 -0.029931 0.001800
v 0.015329 -0.022919 0.000378
v 0.010397 -0.025536 0.000325
v 0.003903 -0.028402 0.000116
v 0.002790 -0.029467 0.000525
v 0.000278 -0.028674 0.000103
v 0.002318 -0.029590 0.000590
v 0.002630 -0.029683 0.000692
v 0.002318 -0.029590 0.000590
v 0.001157 -0.029791 0.000762
v 0.001426 -0.029641 0.000620
v 0.000050 -0.029866 0.000837
v 0.017823 -0.021688 0.000204
v 0.017774 -0.022006 0.000147
v 0.021542 -0.018340 0.000253
v 0.018135 -0.021623 0.000169
v 0.017823 -0.021688 0.000204
v 0.018390 -0.021119 0.000226
v -0.032017 0.002559 0.050786
v -0.031984 0.000972 0.048902
v -0.031762 -0.002090 0.039622
v -0.028777 0.016055 0.073278
v -0.024772 0.022293 0.069721
v -0.001950 0.034019 0.039952
v 0.022899 -0.017139 0.000177
v 0.025968 0.021329 0.007565
v 0.031197 0.010845 0.002181
v 0.026570 -0.010334 0.000421
v 0.031771 0.004819 0.000831
v 0.031995 0.006396 0.001430
v 0.028646 -0.005065 0.000282
v 0.026821 -0.009476 0.000518
v -0.026836 -0.015613 0.017823
v 0.014258 -0.023005 0.000721
v 0.009876 -0.025105 0.000670
v 0.007936 -0.025761 0.000638
v 0.005072 -0.027003 0.000224
v 0.001426 -0.029641 0.000620
v 0.002055 -0.029733 0.000731
v 0.001157 -0.029791 0.000762
v 0.000882 -0.029652 0.000627
v 0.000207 -0.029675 0.000611
v 0.000882 -0.029652 0.000627
v -0.000270 -0.029847 0.000838
v 0.018126 -0.021315 0.000246
v 0.018135 -0.021623 0.000169
v 0.018126 -0.021315 0.000246
v 0.019014 -0.020551 0.000287
v -0.031915 0.005254 0.054385
v -0.028777 0.016055 0.073278
v -0.009931 0.032487 0.051236
v 0.024774 -0.013374 0.000496
v 0.024173 -0.014190 0.000524
v 0.025176 -0.012868 0.000452
v 0.025428 -0.012204 0.000540
v 0.017740 0.028881 0.011308
v 0.016281 0.029757 0.013550
v 0.030750 0.012535 0.002272
v 0.031466 0.008490 0.001118
v 0.031523 0.002478 0.000411
v 0.027491 -0.007619 0.000513
v 0.012702 -0.023565 0.000974
v 0.000207 -0.029675 0.000611
v 0.000050 -0.029866 0.000837
v -0.000270 -0.029847 0.000838
v -0.000628 -0.029870 0.000828
v -0.000512 -0.029650 0.000611
v -0.000932 -0.029876 0.000894
v -0.000628 -0.029870 0.000828
v 0.018205 -0.020242 0.000782
v 0.016441 -0.021446 0.000967
v 0.018348 -0.020833 0.000365
v 0.018390 -0.021119 0.000226
v 0.018348 -0.020833 0.000365
v 0.019400 -0.019393 0.000671
v 0.019014 -0.020551 0.000287
v -0.032002 0.003479 0.054088
v -0.028874 0.015889 0.070194
v -0.028983 0.015628 0.072513
v 0.023620 -0.014770 0.000631
v 0.024805 -0.012989 0.000625
v 0.024774 -0.013374 0.000496
v 0.024218 -0.013802 0.000663
v 0.024805 -0.012989 0.000625
v 0.024218 -0.013802 0.000663
v 0.024173 -0.014190 0.000524
v 0.023620 -0.014770 0.000631
v 0.025690 -0.011988 0.000451
v 0.026161 -0.011109 0.000446
v 0.025428 -0.012204 0.000540
v 0.025877 -0.011045 0.000652
v 0.025690 -0.011988 0.000451
v 0.025176 -0.012868 0.000452
v 0.023103 -0.015644 0.000485
v 0.022587 -0.016067 0.000639
v 0.009259 0.032821 0.022705
v 0.027583 0.019072 0.002542
v 0.026032 0.021248 0.006915
v 0.025946 0.021368 0.006606
v 0.026032 0.021248 0.006915
v 0.025946 0.021368 0.006606
v 0.030866 0.009960 0.000805
v 0.026138 -0.010785 0.000550
v 0.030385 0.000505 0.000055
v 0.031346 0.005286 0.000406
v 0.029198 -0.002218 0.000283
v 0.028028 -0.005867 0.000538
v 0.026821 -0.009476 0.000518
v 0.026460 -0.010058 0.000576
v 0.027491 -0.007619 0.000513
v -0.031260 -0.004541 0.028544
v -0.029288 -0.010702 0.021839
v -0.007041 -0.029521 0.002449
v -0.011984 -0.027949 0.002519
v 0.013728 -0.022777 0.001306
v 0.010012 -0.024609 0.001137
v 0.008590 -0.024936 0.001386
v -0.000512 -0.029650 0.000611
v -0.000932 -0.029876 0.000894
v -0.000628 -0.029870 0.000828
v -0.002641 -0.029784 0.000947
v 0.020520 -0.018302 0.000691
v 0.020841 -0.018193 0.000574
v 0.020360 -0.018643 0.000559
v 0.019303 -0.019922 0.000433
v 0.019688 -0.019348 0.000532
v 0.019303 -0.019922 0.000433
v -0.031994 0.000854 0.042322
v -0.028872 0.015853 0.072245
v -0.028814 0.016002 0.071900
v -0.028725 0.016156 0.072230
v -0.028872 0.015853 0.072245
v -0.021223 0.025969 0.071904
v -0.001448 0.034035 0.033398
v 0.023103 -0.015644 0.000485
v 0.024361 -0.013042 0.000988
v 0.025922 -0.011334 0.000520
v 0.025922 -0.011334 0.000520
v 0.026234 -0.010225 0.000682
v 0.021885 -0.017212 0.000506
v 0.002069 0.034022 0.029055
v 0.026078 0.021208 0.006304
v 0.026197 0.021038 0.005834
v 0.026078 0.021208 0.006304
v 0.026012 0.021285 0.005970
v 0.026091 0.021174 0.005265
v 0.026161 -0.011109 0.000446
v 0.026138 -0.010785 0.000550
v 0.026570 -0.010334 0.000421
v 0.026234 -0.010225 0.000682
v 0.026460 -0.010058 0.000576
v 0.031497 0.007058 0.000797
v 0.028638 -0.003976 0.000425
v 0.028265 -0.005266 0.000470
v 0.028392 -0.004926 0.000434
v 0.028356 -0.004593 0.000515
v 0.028392 -0.004926 0.000434
v 0.027986 -0.005495 0.000652
v 0.028356 -0.004593 0.000515
v 0.028265 -0.005266 0.000470
v 0.027986 -0.005495 0.000652
v 0.028028 -0.005867 0.000538
v 0.026069 -0.009656 0.001170
v -0.031527 -0.003313 0.034283
v -0.005991 -0.029670 0.001844
v 0.012190 -0.023243 0.001959
v 0.010058 -0.024323 0.001613
v 0.006622 -0.025794 0.000983
v 0.002344 -0.026708 0.000621
v -0.000710 -0.028297 0.000057
v -0.000898 -0.029066 0.000230
v -0.001861 -0.029606 0.000617
v 0.019989 -0.018782 0.000690
v 0.020360 -0.018643 0.000559
v 0.019989 -0.018782 0.000690
v 0.020520 -0.018302 0.000691
v 0.020392 -0.017907 0.001134
v 0.019400 -0.019393 0.000671
v -0.031918 0.004759 0.051521
v -0.028725 0.016156 0.072230
v 0.022625 -0.015426 0.000975
v 0.025246 -0.010761 0.001685
v 0.021890 -0.016920 0.000642
v 0.022587 -0.016067 0.000639
v 0.021890 -0.016920 0.000642
v 0.020841 -0.018193 0.000574
v 0.021885 -0.017212 0.000506
v 0.026012 0.021285 0.005970
v 0.030603 0.005824 0.000112
v 0.030577 0.002790 0.000102
v 0.028582 -0.002681 0.000664
v 0.028317 -0.004089 0.000653
v 0.028317 -0.004089 0.000653
v 0.028638 -0.003976 0.000425
v 0.026322 -0.008376 0.001725
v -0.009787 -0.028723 0.002377
v -0.004399 -0.029723 0.001196
v 0.006964 -0.025536 0.001195
v 0.002411 -0.027194 0.000292
v -0.002098 -0.029781 0.000856
v -0.001861 -0.029606 0.000617
v -0.002400 -0.029678 0.000776
v 0.016983 -0.020510 0.001758
v 0.014625 -0.021834 0.002694
v 0.017070 -0.020161 0.002738
v 0.019688 -0.019348 0.000532
v -0.031965 0.003644 0.042884
v -0.028652 0.016306 0.071257
v -0.028814 0.016002 0.071900
v -0.028697 0.016234 0.070656
v -0.028652 0.016306 0.071257
v -0.006176 0.033446 0.043461
v 0.023645 -0.013463 0.001691
v 0.024586 -0.011666 0.002205
v 0.021449 -0.016428 0.001542
v 0.019876 0.027468 0.007696
v 0.026091 0.021174 0.005265
v 0.026197 0.021038 0.005834
v 0.026115 0.021153 0.004910
v 0.030359 0.010335 0.000391
v 0.030880 0.007758 0.000377
v 0.027981 -0.004003 0.001079
v 0.028582 -0.002681 0.000664
v 0.027311 -0.005813 0.001431
v -0.018765 -0.024222 0.007835
v -0.025828 -0.017176 0.012424
v -0.006646 -0.029245 0.001113
v -0.003849 -0.029629 0.000800
v 0.008545 -0.024759 0.001876
v -0.002400 -0.029678 0.000776
v -0.002098 -0.029781 0.000856
v 0.018376 -0.019456 0.001654
v -0.028697 0.016234 0.070656
v 0.022085 -0.015392 0.002150
v 0.020988 0.026523 0.006104
v 0.029611 0.015326 0.002555
v 0.029971 0.003917 0.000116
v 0.029892 0.003256 0.000137
v 0.029791 0.002755 0.000168
v 0.029279 0.000204 0.000366
v 0.028955 -0.001211 0.000508
v 0.029137 -0.000493 0.000404
v 0.028822 -0.001483 0.000575
v 0.028764 -0.002473 0.000531
v 0.028177 -0.002499 0.001178
v -0.022557 -0.021027 0.011095
v -0.004624 -0.029270 0.000583
v -0.009654 -0.028595 0.001533
v -0.007408 -0.028807 0.000711
v -0.004392 -0.029436 0.000746
v 0.010272 -0.023900 0.003158
v 0.006385 -0.025490 0.001744
v 0.003260 -0.026172 0.001153
v -0.001370 -0.027409 0.000219
v -0.004237 -0.029209 0.000488
v -0.002641 -0.029784 0.000947
v -0.003592 -0.029506 0.000659
v -0.003592 -0.029506 0.000659
v 0.019570 -0.018097 0.002210
v -0.031609 0.007577 0.061866
v -0.027242 0.019009 0.064020
v -0.004441 0.033743 0.031302
v 0.012602 0.031596 0.013210
v 0.025920 0.021421 0.004801
v 0.026115 0.021153 0.004910
v 0.025920 0.021421 0.004801
v 0.023120 0.024647 0.004945
v 0.030244 0.008521 0.000189
v 0.029569 0.001169 0.000245
v 0.029692 0.001478 0.000204
v 0.029172 -0.000145 0.000406
v 0.030026 0.004901 0.000102
v 0.029993 0.005808 0.000076
v 0.029901 0.004522 0.000122
v 0.029942 0.007474 0.000079
v 0.029739 0.004176 0.000165
v 0.029892 0.003256 0.000137
v 0.029739 0.004176 0.000165
v 0.029971 0.003917 0.000116
v 0.029649 0.003059 0.000212
v 0.029649 0.003059 0.000212
v 0.028697 -0.001164 0.000735
v 0.028822 -0.001483 0.000575
v 0.028697 -0.001164 0.000735
v 0.028955 -0.001211 0.000508
v 0.029137 -0.000493 0.000404
v 0.029007 0.000087 0.000520
v 0.028764 -0.002473 0.000531
v 0.027676 -0.003749 0.001776
v -0.016297 -0.025753 0.002717
v -0.005851 -0.029178 0.000771
v -0.005553 -0.029073 0.000584
v -0.004076 -0.029437 0.000629
v -0.003849 -0.029629 0.000800
v -0.004076 -0.029437 0.000629
v -0.004392 -0.029436 0.000746
v -0.004624 -0.029270 0.000583
v -0.004536 -0.029068 0.000382
v -0.005553 -0.029073 0.000584
v 0.012800 -0.022818 0.002745
v 0.006815 -0.025207 0.002252
v 0.003505 -0.025904 0.001883
v -0.002473 -0.027984 0.000041
v -0.032026 0.001378 0.039440
v -0.031940 -0.000176 0.038966
v -0.013761 0.030894 0.061740
v -0.028773 0.016100 0.069995
v -0.028874 0.015889 0.070194
v -0.030944 0.010586 0.062079
v -0.011625 0.031859 0.051994
v 0.023444 -0.013291 0.003481
v 0.025249 -0.010187 0.002845
v 0.007512 0.033260 0.020920
v 0.026071 0.021247 0.003948
v 0.025662 0.021794 0.002710
v 0.028751 0.017082 0.002571
v 0.029227 0.015347 0.001911
v 0.029720 0.009379 0.000099
v 0.029548 0.010356 0.000094
v 0.028870 0.013558 0.000425
v 0.029378 0.001418 0.000337
v 0.029692 0.001478 0.000204
v 0.029378 0.001418 0.000337
v 0.029791 0.002755 0.000168
v 0.029279 0.000204 0.000366
v 0.029569 0.001169 0.000245
v 0.029007 0.000087 0.000520
v 0.029172 -0.000145 0.000406
v 0.029784 0.005550 0.000109
v 0.029699 0.004770 0.000163
v 0.030026 0.004901 0.000102
v 0.029699 0.004770 0.000163
v 0.029784 0.005550 0.000109
v 0.029901 0.004522 0.000122
v 0.029758 0.007180 0.000075
v -0.022365 -0.021137 0.009847
v -0.031760 -0.001527 0.031678
v -0.005851 -0.029178 0.000771
v -0.006395 -0.028875 0.000571
v -0.006395 -0.028875 0.000571
v -0.007104 -0.028756 0.000587
v -0.007408 -0.028807 0.000711
v -0.006732 -0.028502 0.000337
v -0.007104 -0.028756 0.000587
v 0.007075 -0.025039 0.003177
v 0.000416 -0.026551 0.000868
v -0.000385 -0.026740 0.000676
v 0.017053 -0.020210 0.003768
v 0.021512 -0.015885 0.003132
v -0.028773 0.016100 0.069995
v -0.008244 0.032967 0.040061
v 0.004575 0.033759 0.024128
v 0.016156 0.029896 0.012342
v 0.026071 0.021247 0.003948
v 0.025879 0.021500 0.003885
v 0.029797 0.008737 0.000103
v 0.029899 0.008114 0.000115
v 0.029668 0.008388 0.000077
v 0.029751 0.007799 0.000095
v 0.029751 0.007799 0.000095
v 0.029668 0.008388 0.000077
v 0.029899 0.008114 0.000115
v 0.029578 0.009046 0.000083
v 0.029688 0.011108 0.000200
v 0.029402 0.009995 0.000065
v 0.028736 0.013079 0.000172
v 0.029993 0.005808 0.000076
v 0.029758 0.007180 0.000075
v 0.029035 0.005252 0.000394
v 0.028165 0.000630 0.001866
v 0.027058 -0.005400 0.002623
v 0.027606 -0.003046 0.002785
v 0.026485 -0.007248 0.003117
v -0.028812 -0.011774 0.013434
v -0.026569 -0.016089 0.013071
v -0.008718 -0.028190 0.000483
v -0.009459 -0.028084 0.000588
v -0.008718 -0.028190 0.000483
v -0.005154 -0.027916 0.000049
v 0.005328 -0.025467 0.002961
v 0.001369 -0.026109 0.001464
v 0.013506 -0.022475 0.003944
v -0.031401 0.008606 0.062595
v -0.028872 0.015904 0.068331
v -0.009666 0.032538 0.046037
v 0.008169 0.033208 0.016892
v 0.026080 0.021214 0.003289
v 0.029797 0.008737 0.000103
v 0.029578 0.009046 0.000083
v 0.029942 0.007474 0.000079
v 0.029027 0.008667 0.000147
v 0.029720 0.009379 0.000099
v 0.029402 0.009995 0.000065
v 0.029052 0.010889 0.000058
v 0.029376 0.011030 0.000109
v 0.029325 0.010663 0.000071
v 0.028980 0.012221 0.000110
v 0.028555 0.001233 0.001048
v -0.030812 -0.006345 0.025106
v -0.009715 -0.027837 0.000478
v -0.009459 -0.028084 0.000588
v -0.012115 -0.027787 0.001896
v 0.010846 -0.023739 0.003981
v 0.013046 -0.022855 0.004202
v 0.003246 -0.025780 0.002813
v 0.018049 -0.019380 0.003667
v 0.015366 -0.021835 0.005051
v 0.017253 -0.020230 0.004312
v -0.028687 0.016293 0.069075
v -0.028687 0.016293 0.069075
v -0.020099 0.026922 0.065869
v 0.023955 -0.012542 0.003686
v 0.023300 -0.013650 0.004374
v -0.000175 0.034079 0.027017
v 0.025892 0.021469 0.003298
v 0.025879 0.021500 0.003885
v 0.027296 0.019428 0.002237
v 0.028627 0.016203 0.001626
v 0.028212 0.008778 0.000536
v 0.029548 0.010356 0.000094
v 0.029325 0.010663 0.000071
v 0.029039 0.011581 0.000090
v 0.029054 0.011248 0.000086
v 0.029376 0.011030 0.000109
v 0.029054 0.011248 0.000086
v 0.028537 0.012872 0.000065
v 0.028834 0.011890 0.000075
v 0.028673 0.003489 0.000832
v 0.027262 -0.004560 0.003650
v 0.027003 -0.005880 0.004067
v 0.025892 -0.008857 0.004335
v -0.022924 -0.020810 0.008077
v -0.011346 -0.026360 0.000065
v -0.009813 -0.026229 0.000000
v -0.011927 -0.027477 0.000943
v 0.009252 -0.024524 0.004531
v 0.005406 -0.025520 0.003555
v 0.007596 -0.025032 0.004190
v 0.002688 -0.025900 0.003684
v 0.001541 -0.025804 0.002964
v -0.003171 -0.026674 0.000514
v 0.019910 -0.017738 0.004066
v 0.019011 -0.018434 0.003734
v -0.031801 0.005805 0.041931
v 0.024034 -0.012723 0.004446
v 0.024448 -0.011671 0.004127
v 0.005534 0.033645 0.018313
v 0.018028 0.028783 0.004457
v 0.026080 0.021214 0.003289
v 0.025779 0.021613 0.002989
v 0.025892 0.021469 0.003298
v 0.027909 0.011589 0.000243
v 0.029039 0.011581 0.000090
v 0.027084 0.015437 0.000058
v 0.028834 0.011890 0.000075
v 0.028980 0.012221 0.000110
v 0.028537 0.012872 0.000065
v 0.028555 0.013717 0.000253
v 0.028308 0.003053 0.001404
v 0.027856 -0.001808 0.003943
v 0.026235 -0.008240 0.004400
v 0.025383 -0.010398 0.004646
v -0.005642 -0.027453 0.000033
v -0.010438 -0.027623 0.000501
v -0.009715 -0.027837 0.000478
v 0.000461 -0.026052 0.001824
v 0.017016 -0.020796 0.005165
v -0.031622 0.007182 0.047189
v -0.010970 0.032093 0.040682
v 0.022688 -0.014564 0.004237
v 0.017099 0.029346 0.006876
v 0.026540 0.020480 0.002264
v 0.025662 0.021794 0.002710
v 0.025779 0.021613 0.002989
v 0.028736 0.013079 0.000172
v 0.028555 0.013717 0.000253
v 0.028259 0.013855 0.000130
v -0.020401 -0.022898 0.005674
v -0.029903 -0.009158 0.018366
v -0.010438 -0.027623 0.000501
v -0.010654 -0.027371 0.000385
v 0.005835 -0.025893 0.005077
v 0.007331 -0.025487 0.005277
v -0.002571 -0.025908 0.001671
v 0.016188 -0.021247 0.005161
v -0.031416 0.008483 0.053869
v -0.032027 0.002209 0.038576
v -0.028872 0.015904 0.068331
v 0.021364 -0.016143 0.003997
v 0.025628 0.021510 0.002140
v 0.026383 0.019012 0.001127
v 0.026089 0.019762 0.001281
v 0.026353 0.018720 0.000957
v 0.024143 0.023544 0.002415
v 0.027673 0.014863 0.000091
v 0.027879 0.008334 0.000936
v 0.027676 0.007422 0.001586
v 0.028020 0.000585 0.002744
v -0.005829 -0.026286 0.000422
v -0.011039 -0.027343 0.000454
v -0.010654 -0.027371 0.000385
v -0.011039 -0.027343 0.000454
v -0.011898 -0.026942 0.000413
v 0.010911 -0.024218 0.005299
v 0.007718 -0.025173 0.004833
v 0.009303 -0.024450 0.005188
v 0.004511 -0.026011 0.004789
v 0.000835 -0.026190 0.004954
v -0.004917 -0.025976 0.000902
v 0.013943 -0.022731 0.005249
v 0.014877 -0.022163 0.005274
v 0.015753 -0.021612 0.005415
v 0.016214 -0.021148 0.005538
v -0.017928 0.028503 0.063815
v -0.028684 0.016312 0.066792
v -0.023232 0.024085 0.064216
v -0.006668 0.033318 0.033950
v 0.023470 -0.014485 0.005705
v 0.022413 -0.015481 0.004999
v 0.025188 -0.011406 0.005389
v 0.009076 0.032907 0.013042
v 0.025146 0.021136 0.001299
v 0.025628 0.021510 0.002140
v 0.025475 0.021806 0.002189
v 0.024504 0.023067 0.002187
v 0.024667 0.022705 0.002067
v 0.024769 0.022429 0.001912
v 0.028259 0.013855 0.000130
v 0.027673 0.014863 0.000091
v 0.027605 0.015882 0.000482
v 0.027471 0.010187 0.000835
v 0.027022 0.012417 0.000544
v 0.026312 0.015149 0.000271
v 0.028067 0.003362 0.002144
v 0.025661 -0.010515 0.005650
v 0.026363 -0.009344 0.005784
v -0.012837 -0.027110 0.000999
v -0.007584 -0.025677 0.000568
v -0.010758 -0.024862 0.000295
v -0.011541 -0.026943 0.000334
v -0.011541 -0.026943 0.000334
v -0.011943 -0.025674 0.000011
v -0.015192 -0.026330 0.002227
v 0.012565 -0.023578 0.005636
v 0.011733 -0.023859 0.005560
v 0.010536 -0.024281 0.005438
v 0.007918 -0.025068 0.005173
v 0.008732 -0.024549 0.005459
v 0.002428 -0.026196 0.004956
v -0.000566 -0.025696 0.002997
v 0.013811 -0.022736 0.005520
v 0.015502 -0.021700 0.005576
v 0.014747 -0.022165 0.005598
v 0.017836 -0.020289 0.005326
v 0.019650 -0.018707 0.005466
v 0.017139 -0.020785 0.005678
v 0.015923 -0.021056 0.005676
v -0.030451 0.012146 0.061555
v -0.029738 0.014100 0.061362
v -0.028684 0.016312 0.066792
v -0.026124 0.020594 0.063042
v 0.024339 -0.013136 0.005574
v 0.012375 0.031679 0.008279
v 0.003187 0.033944 0.020598
v 0.025255 0.021889 0.001956
v 0.026961 0.017528 0.000844
v 0.022231 0.025475 0.002192
v 0.024769 0.022429 0.001912
v 0.025255 0.021889 0.001956
v 0.024297 0.022153 0.001181
v 0.027940 0.003771 0.003153
v 0.028157 0.001072 0.004078
v 0.028080 -0.001307 0.004563
v 0.027882 -0.003262 0.004809
v 0.027404 -0.006468 0.005628
v 0.027831 -0.005120 0.005541
v 0.027387 -0.006793 0.005698
v 0.026690 -0.008622 0.005576
v -0.031509 -0.003132 0.025899
v -0.031930 0.003370 0.030714
v -0.012085 -0.026683 0.000309
v -0.011898 -0.026942 0.000413
v -0.012085 -0.026683 0.000309
v -0.012741 -0.026698 0.000496
v 0.013025 -0.023154 0.005651
v 0.013526 -0.022824 0.005649
v 0.011158 -0.024142 0.005533
v 0.010805 -0.024158 0.005560
v 0.009201 -0.024245 0.005469
v 0.008108 -0.024834 0.005346
v 0.009141 -0.023904 0.005528
v 0.005838 -0.025807 0.005397
v 0.006763 -0.025587 0.005531
v 0.007457 -0.025297 0.005568
v 0.000014 -0.025700 0.003502
v 0.017963 -0.020111 0.005616
v 0.017136 -0.020455 0.005792
v 0.014950 -0.021428 0.005737
v 0.020942 -0.017341 0.005509
v -0.031438 0.008364 0.051411
v -0.031882 0.004417 0.033969
v -0.015846 0.029794 0.059587
v 0.024980 -0.011866 0.005689
v 0.024485 -0.012881 0.005763
v 0.023085 -0.014984 0.005658
v 0.022600 -0.015394 0.005597
v 0.022298 -0.015872 0.005433
v 0.022182 -0.016206 0.005563
v 0.025092 -0.011603 0.005729
v 0.021035 0.026544 0.002346
v 0.019383 0.027799 0.002009
v 0.025754 0.020233 0.001281
v 0.025475 0.021806 0.002189
v 0.025843 0.019932 0.001173
v 0.026885 0.017018 0.000521
v 0.026631 0.018055 0.000839
v 0.026394 0.018126 0.000684
v 0.024435 0.022925 0.001934
v 0.024667 0.022705 0.002067
v 0.024435 0.022925 0.001934
v 0.027605 0.015882 0.000482
v 0.027347 0.015989 0.000306
v 0.026906 0.010494 0.001593
v 0.027674 0.006184 0.002519
v 0.028218 -0.003767 0.005649
v 0.027167 -0.007376 0.005699
v 0.025833 -0.009946 0.005593
v 0.025648 -0.010218 0.005740
v -0.024419 -0.019185 0.006959
v -0.031890 0.000773 0.027401
v -0.011129 -0.024393 0.000546
v -0.008178 -0.025103 0.000963
v -0.012268 -0.024554 0.000167
v -0.015310 -0.025886 0.001095
v 0.013164 -0.022844 0.005714
v 0.012565 -0.023578 0.005636
v 0.012211 -0.023566 0.005675
v 0.011459 -0.023904 0.005652
v 0.011548 -0.023602 0.005695
v 0.011733 -0.023859 0.005560
v 0.010536 -0.024281 0.005438
v 0.010600 -0.023895 0.005631
v 0.010924 -0.023889 0.005648
v 0.011158 -0.024142 0.005533
v 0.008092 -0.024495 0.005470
v 0.007462 -0.024861 0.005589
v 0.005591 -0.025638 0.005524
v 0.004816 -0.025923 0.005029
v 0.007457 -0.025297 0.005568
v 0.001760 -0.026176 0.005007
v -0.004452 -0.025466 0.002938
v 0.019088 -0.019138 0.005456
v 0.018504 -0.019371 0.005732
v 0.021352 -0.016875 0.005446
v 0.020079 -0.018266 0.005621
v -0.028861 0.015975 0.065535
v 0.024270 -0.013115 0.005849
v 0.024166 -0.013390 0.005743
v 0.023922 -0.013515 0.005876
v 0.023594 -0.014149 0.005816
v 0.024714 -0.012329 0.005851
v 0.024485 -0.012881 0.005763
v 0.024980 -0.011866 0.005689
v 0.024725 -0.011689 0.005879
v 0.023252 -0.014714 0.005815
v 0.023315 -0.014347 0.005898
v 0.022818 -0.015150 0.005746
v 0.022238 -0.015322 0.005787
v 0.022600 -0.015394 0.005597
v 0.022331 -0.015621 0.005681
v 0.022331 -0.015621 0.005681
v 0.025421 -0.010473 0.005863
v 0.015115 0.030456 0.007759
v 0.025236 0.020569 0.001026
v 0.024549 0.021905 0.001244
v 0.026353 0.018720 0.000957
v 0.025255 0.019268 0.000280
v 0.026383 0.019012 0.001127
v 0.026394 0.018126 0.000684
v 0.026089 0.019762 0.001281
v 0.026631 0.018055 0.000839
v 0.026961 0.017528 0.000844
v 0.024255 0.022905 0.001670
v 0.027114 0.015813 0.000096
v 0.027347 0.015989 0.000306
v 0.026885 0.017018 0.000521
v 0.026458 0.016681 0.000118
v 0.027273 0.008192 0.002526
v 0.027446 -0.006025 0.005761
v 0.027731 -0.005330 0.005777
v 0.027230 -0.007021 0.005846
v 0.026909 -0.008111 0.005730
v 0.026945 -0.007856 0.005854
v 0.027064 -0.007583 0.005894
v 0.026773 -0.008383 0.005806
v 0.026442 -0.009064 0.005876
v 0.026105 -0.009516 0.005862
v 0.025562 -0.009923 0.005810
v 0.025770 -0.009669 0.005839
v 0.025366 -0.009662 0.005843
v -0.013911 -0.026353 0.000732
v -0.012741 -0.026698 0.000496
v -0.012898 -0.026392 0.000366
v -0.016484 -0.025511 0.001863
v 0.004924 -0.025725 0.005272
v 0.003928 -0.026027 0.005484
v 0.003623 -0.026100 0.005458
v 0.002109 -0.026098 0.005165
v -0.006267 -0.025111 0.002346
v -0.005552 -0.025464 0.001635
v 0.018201 -0.019230 0.005815
v 0.021110 -0.017073 0.005634
v 0.020766 -0.017454 0.005722
v 0.020844 -0.017172 0.005789
v 0.019514 -0.018678 0.005724
v 0.020052 -0.018012 0.005788
v -0.031877 0.004623 0.038930
v -0.028604 0.016490 0.064436
v -0.028891 0.015973 0.062688
v -0.028765 0.016156 0.066171
v -0.014395 0.030632 0.052021
v 0.023268 -0.014017 0.005901
v 0.023315 -0.014347 0.005898
v 0.023594 -0.014149 0.005816
v 0.022946 -0.014842 0.005867
v 0.023252 -0.014714 0.005815
v 0.021928 -0.015403 0.005793
v 0.022271 -0.015940 0.005729
v 0.022331 -0.015621 0.005681
v 0.022014 -0.015738 0.005828
v 0.022331 -0.015621 0.005681
v 0.022077 -0.016120 0.005828
v 0.021907 -0.016374 0.005705
v 0.021611 -0.016432 0.005799
v 0.021475 -0.016684 0.005705
v 0.025236 0.020569 0.001026
v 0.024927 0.021065 0.001050
v 0.025146 0.021136 0.001299
v 0.024927 0.021065 0.001050
v 0.023670 0.021257 0.000116
v 0.025754 0.020233 0.001281
v 0.025843 0.019932 0.001173
v 0.025718 0.017967 0.000129
v 0.023010 0.024290 0.001579
v 0.022638 0.023989 0.000799
v 0.024255 0.022905 0.001670
v 0.024037 0.023117 0.001608
v 0.023888 0.022686 0.001126
v 0.024549 0.021905 0.001244
v 0.024297 0.022153 0.001181
v 0.023888 0.022686 0.001126
v 0.027458 0.007448 0.003760
v 0.026026 0.013177 0.001314
v 0.027790 0.005621 0.003792
v 0.028400 -0.002892 0.005665
v 0.028039 -0.004352 0.005836
v 0.027946 -0.005017 0.005830
v 0.027633 -0.005106 0.005944
v 0.026936 -0.006847 0.005924
v 0.027946 -0.005017 0.005830
v 0.027226 -0.006658 0.005896
v 0.027230 -0.007021 0.005846
v 0.026982 -0.007228 0.005930
v 0.026642 -0.008019 0.005926
v 0.026909 -0.008111 0.005730
v 0.027064 -0.007583 0.005894
v 0.026538 -0.008677 0.005888
v 0.026143 -0.009174 0.005941
v 0.026363 -0.009344 0.005784
v 0.026442 -0.009064 0.005876
v 0.026442 -0.009064 0.005876
v 0.026105 -0.009516 0.005862
v -0.022350 -0.021169 0.005667
v -0.020029 -0.023112 0.003089
v -0.026784 -0.015819 0.007212
v -0.026096 -0.017057 0.006077
v -0.014580 -0.025627 0.000417
v -0.012898 -0.026392 0.000366
v 0.006206 -0.024329 0.005334
v 0.003638 -0.024763 0.005272
v 0.004710 -0.025477 0.005330
v 0.004114 -0.025796 0.005493
v 0.003323 -0.026067 0.005462
v 0.002695 -0.025918 0.005408
v 0.001496 -0.026129 0.005253
v 0.002071 -0.025762 0.005349
v 0.011123 -0.021151 0.005261
v 0.020520 -0.017163 0.005835
v -0.031059 0.010119 0.057447
v -0.028729 0.016218 0.065675
v -0.028765 0.016156 0.066171
v 0.001159 0.034055 0.022734
v 0.009806 0.032738 0.006711
v 0.023588 0.023267 0.001268
v 0.024037 0.023117 0.001608
v 0.023588 0.023267 0.001268
v 0.026873 0.009876 0.002473
v 0.025975 0.012473 0.002178
v 0.028303 0.001931 0.004464
v 0.028673 -0.000704 0.005463
v 0.028826 0.000513 0.005720
v 0.028459 -0.001741 0.005384
v 0.028408 -0.003174 0.005832
v 0.028255 -0.003461 0.005883
v 0.028027 -0.003728 0.005911
v 0.027712 -0.004496 0.005949
v 0.028039 -0.004352 0.005836
v -0.013421 -0.025944 0.000277
v -0.013421 -0.025944 0.000277
v -0.007874 -0.024733 0.001873
v -0.009840 -0.024410 0.001160
v 0.003364 -0.025757 0.005532
v 0.003623 -0.026100 0.005458
v 0.001162 -0.026089 0.005383
v -0.000206 -0.025985 0.004956
v -0.028729 0.016218 0.065675
v -0.009334 0.032612 0.036150
v 0.025428 0.018075 0.000092
v 0.025238 0.018775 0.000179
v 0.023588 0.023267 0.001268
v 0.022360 0.023454 0.000157
v 0.022638 0.023989 0.000799
v 0.025191 0.016979 0.000304
v 0.027946 0.005713 0.004440
v 0.028545 -0.001954 0.005674
v 0.028517 -0.001611 0.005700
v 0.028531 -0.002185 0.005910
v 0.028387 -0.002494 0.005866
v 0.028262 -0.002776 0.005922
v 0.028408 -0.003174 0.005832
v 0.027958 -0.003354 0.005942
v 0.028255 -0.003461 0.005883
v -0.030799 -0.006266 0.015804
v -0.014580 -0.025627 0.000417
v -0.008901 -0.024504 0.001977
v -0.014983 -0.025084 0.000246
v -0.018793 -0.023815 0.001484
v 0.000662 -0.025949 0.005375
v 0.000128 -0.025721 0.005333
v 0.000988 -0.025838 0.005441
v -0.030429 0.012330 0.054523
v -0.030956 0.010487 0.052259
v -0.031190 0.009325 0.042497
v -0.028709 0.016271 0.064674
v -0.028830 0.016034 0.064875
v -0.028830 0.016034 0.064875
v -0.028861 0.015975 0.065535
v -0.013193 0.031185 0.045459
v 0.007884 0.033325 0.010569
v 0.024239 0.020343 0.000171
v 0.024796 0.019255 0.000056
v 0.022044 0.024531 0.000543
v 0.025878 0.012560 0.003008
v 0.028764 0.003167 0.005567
v 0.028588 -0.001287 0.005789
v 0.028713 -0.000455 0.005830
v 0.028763 -0.000159 0.005766
v 0.028676 -0.000738 0.005799
v 0.028870 0.002452 0.005567
v 0.028393 -0.001876 0.005926
v 0.028284 -0.001540 0.005921
v 0.028188 -0.002177 0.005979
v 0.028387 -0.002494 0.005866
v 0.028531 -0.002185 0.005910
v 0.025493 -0.004345 0.005664
v -0.022714 -0.020952 0.005759
v -0.031800 -0.000738 0.024412
v -0.007886 -0.024709 0.002741
v -0.014980 -0.024365 0.000014
v -0.017473 -0.024364 0.000862
v 0.006559 -0.022399 0.005032
v -0.000173 -0.025828 0.005273
v -0.001174 -0.025847 0.005166
v 0.002647 -0.023412 0.005053
v -0.002026 -0.025263 0.005299
v -0.002116 -0.025771 0.004909
v 0.014813 -0.018410 0.005299
v 0.018229 -0.016656 0.005500
v -0.016090 0.029672 0.051331
v 0.021834 -0.012479 0.005628
v -0.002188 0.033988 0.023504
v 0.013620 0.031233 0.002671
v 0.023359 0.021249 0.000092
v 0.024034 0.020038 0.000101
v 0.022874 0.022807 0.000333
v 0.024534 0.016725 0.000841
v 0.026432 0.011535 0.004095
v 0.025066 0.014471 0.002093
v 0.028444 -0.000963 0.005938
v 0.028588 -0.001287 0.005789
v 0.028440 -0.000285 0.005948
v 0.028763 -0.000159 0.005766
v 0.028440 -0.000285 0.005948
v 0.028647 0.000028 0.005947
v 0.028713 -0.000455 0.005830
v 0.028832 0.000812 0.005853
v 0.028845 0.001086 0.005735
v 0.028578 0.000664 0.005962
v 0.028826 0.000513 0.005720
v -0.031462 -0.003188 0.014855
v -0.010542 -0.023783 0.001868
v -0.011937 -0.023401 0.001195
v -0.014798 -0.023771 -0.000001
v -0.003343 -0.025707 0.005207
v -0.031699 0.006757 0.039005
v -0.021826 0.025427 0.060880
v -0.015050 0.030265 0.046770
v 0.022062 0.021100 0.000370
v 0.021057 0.025993 0.001031
v 0.022133 0.023843 0.000003
v 0.022044 0.024531 0.000543
v 0.022519 0.022726 0.000167
v 0.024566 0.015863 0.001475
v 0.028592 0.006028 0.005636
v 0.027886 0.009113 0.005491
v 0.028845 0.001086 0.005735
v 0.028573 0.001009 0.005946
v 0.028690 0.001337 0.005895
v 0.028832 0.000812 0.005853
v 0.028832 0.000812 0.005853
v 0.028783 0.002047 0.005909
v 0.028854 0.002921 0.005767
v -0.008941 -0.024610 0.003961
v -0.011690 -0.023289 0.001771
v -0.014288 -0.023522 0.000128
v -0.015323 -0.025063 0.000345
v -0.014983 -0.025084 0.000246
v -0.001931 -0.025664 0.005171
v -0.002226 -0.025541 0.005282
v -0.002754 -0.025653 0.005227
v -0.028709 0.016271 0.064674
v -0.028604 0.016490 0.064436
v -0.024834 0.022280 0.057284
v 0.000277 0.034074 0.015231
v 0.002889 0.033956 0.013011
v 0.016232 0.029880 0.002591
v 0.021649 0.024940 0.000629
v 0.021491 0.024775 0.000384
v 0.021649 0.024940 0.000629
v 0.021879 0.023965 0.000075
v 0.020527 0.026483 0.001036
v 0.026918 0.010486 0.004436
v 0.028636 0.005337 0.005555
v 0.028625 0.002745 0.005937
v 0.028854 0.002921 0.005767
v 0.023941 -0.000683 0.005528
v -0.028570 -0.012425 0.008828
v -0.005814 -0.025476 0.004207
v -0.016358 -0.024435 0.000355
v 0.006103 -0.020851 0.004921
v -0.005301 -0.025565 0.004984
v 0.014399 -0.016407 0.005174
v -0.017693 0.028678 0.056625
v -0.029376 0.014978 0.061454
v -0.028630 0.016523 0.063359
v -0.007537 0.033150 0.031364
v 0.019269 -0.012330 0.005393
v 0.023527 0.017817 0.001170
v 0.020806 0.026019 0.000765
v 0.021057 0.025993 0.001031
v 0.022127 0.023576 0.000107
v 0.020473 0.026088 0.000566
v 0.021053 0.023558 0.000141
v 0.020806 0.026019 0.000765
v 0.028661 0.005054 0.005771
v 0.028716 0.004443 0.005819
v 0.028688 0.003808 0.005841
v 0.028594 0.003511 0.005890
v 0.028678 0.003156 0.005844
v -0.020505 -0.022581 0.001850
v -0.022624 -0.020778 0.002471
v -0.030032 -0.008930 0.009289
v -0.013626 -0.022552 0.001083
v -0.014100 -0.022957 0.000447
v -0.016026 -0.024410 0.000234
v -0.016893 -0.023916 0.000251
v -0.016026 -0.024410 0.000234
v -0.016358 -0.024435 0.000355
v -0.019169 -0.023082 0.000836
v -0.015323 -0.025063 0.000345
v -0.003903 -0.025497 0.005460
v -0.027660 0.018335 0.063496
v -0.026978 0.019226 0.063510
v -0.012046 0.031667 0.031745
v -0.009471 0.032616 0.031947
v 0.005990 0.033640 0.011800
v 0.022133 0.023843 0.000003
v 0.020556 0.025404 0.000312
v 0.020364 0.024502 0.000117
v 0.020425 0.023267 0.000251
v 0.019924 0.026497 0.000627
v 0.019924 0.026497 0.000627
v 0.024011 0.016280 0.002519
v 0.028324 0.006898 0.005643
v 0.028166 0.007951 0.005685
v 0.025378 0.013795 0.003646
v 0.028678 0.005557 0.005810
v 0.028528 0.005300 0.005898
v 0.028661 0.005054 0.005771
v 0.028302 0.005044 0.005922
v 0.028515 0.004764 0.005906
v 0.028716 0.004443 0.005819
v 0.028537 0.004106 0.005953
v 0.028385 0.003787 0.005961
v 0.028688 0.003808 0.005841
v -0.026759 -0.016054 0.005881
v -0.017924 -0.022895 0.000129
v -0.017579 -0.023626 0.000348
v -0.016893 -0.023916 0.000251
v -0.017579 -0.023626 0.000348
v 0.009927 -0.019789 0.005024
v -0.004184 -0.025570 0.005378
v -0.005485 -0.025432 0.005239
v -0.028517 0.016774 0.062452
v -0.007591 0.033147 0.027311
v 0.019078 0.027793 0.001312
v 0.021424 0.021232 0.000632
v 0.021960 0.019985 0.001120
v 0.019287 0.027244 0.000864
v 0.028366 0.006584 0.005795
v 0.028123 0.006837 0.005887
v 0.027885 0.009078 0.005834
v 0.027880 0.009416 0.005732
v 0.027752 0.008766 0.005919
v 0.027630 0.010067 0.005719
v 0.027092 0.011802 0.005472
v 0.025550 0.013919 0.004348
v 0.028678 0.005557 0.005810
v 0.028151 0.006356 0.005906
v 0.028366 0.006584 0.005795
v 0.028374 0.005648 0.005923
v 0.028528 0.005300 0.005898
v -0.011992 -0.023173 0.004766
v -0.013263 -0.022419 0.001864
v -0.019407 -0.022068 0.000262
v -0.020598 -0.021836 0.000721
v 0.001926 -0.020959 0.004912
v -0.005928 -0.024995 0.005432
v -0.006370 -0.025247 0.005355
v -0.031254 0.009042 0.039267
v -0.028517 0.016774 0.062452
v -0.028630 0.016523 0.063359
v -0.013972 0.030785 0.039163
v 0.021779 0.019677 0.001873
v 0.020046 0.022953 0.000488
v 0.018706 0.026586 0.000268
v 0.019024 0.027265 0.000692
v 0.019287 0.027244 0.000864
v 0.027468 0.010683 0.005731
v 0.027880 0.009416 0.005732
v 0.027624 0.009326 0.005909
v 0.027630 0.010067 0.005719
v 0.027885 0.009078 0.005834
v 0.025201 0.004763 0.005647
v -0.023810 -0.019391 0.001784
v -0.028333 -0.013201 0.004512
v -0.028991 -0.011444 0.004767
v -0.031572 0.006976 0.026207
v -0.008236 -0.024827 0.005029
v -0.009738 -0.024302 0.005174
v -0.012355 -0.022843 0.002495
v -0.014695 -0.022317 0.000646
v -0.018868 -0.022461 0.000253
v -0.018868 -0.022461 0.000253
v -0.030491 0.011995 0.046410
v -0.031509 0.007419 0.034158
v -0.028650 0.016464 0.061879
v -0.023168 0.024150 0.057997
v 0.021101 -0.005449 0.005378
v -0.000760 0.034051 0.018235
v 0.017903 0.028633 0.001420
v 0.018302 0.026153 0.000147
v 0.027358 0.010336 0.005881
v -0.020946 -0.021933 0.001177
v -0.031901 0.003099 0.022775
v -0.031896 0.004013 0.028760
v -0.006868 -0.025122 0.005464
v -0.014517 -0.021976 0.001282
v -0.018361 -0.021496 -0.000025
v -0.002934 -0.021022 0.004952
v -0.006591 -0.025006 0.005535
v -0.030313 0.012571 0.051817
v -0.030836 0.010654 0.039329
v -0.028525 0.016734 0.061750
v -0.028650 0.016464 0.061879
v -0.028264 0.017296 0.062090
v -0.027455 0.018661 0.062056
v -0.005724 0.033522 0.022686
v -0.004335 0.033735 0.018703
v 0.008679 0.033114 0.006118
v 0.018604 0.027586 0.000663
v 0.019024 0.027265 0.000692
v 0.018604 0.027586 0.000663
v 0.017688 0.025014 0.000456
v 0.021254 0.020737 0.001111
v 0.018740 0.023128 0.001335
v 0.017358 0.028171 0.000524
v 0.024292 0.015964 0.003837
v 0.026623 0.012191 0.005938
v 0.027209 0.010719 0.005878
v 0.027468 0.010683 0.005731
v 0.027198 0.011630 0.005809
v 0.026965 0.011449 0.005930
v 0.026405 0.013832 0.005643
v -0.007771 -0.024766 0.005388
v -0.009946 -0.024147 0.005387
v -0.008169 -0.024350 0.005442
v -0.010715 -0.023708 0.005231
v -0.019129 -0.021909 0.000126
v -0.019129 -0.021909 0.000126
v -0.029835 0.013850 0.054342
v -0.029676 0.014249 0.052249
v -0.028679 0.016367 0.061214
v -0.028569 0.016631 0.061405
v -0.028525 0.016734 0.061750
v -0.027881 0.017763 0.061835
v -0.020011 0.027005 0.052565
v 0.015655 0.029882 0.001298
v 0.017287 0.027367 0.000185
v 0.027198 0.011630 0.005809
v 0.027145 0.011904 0.005775
v 0.026954 0.012142 0.005854
v 0.026020 0.014306 0.005592
v 0.025778 0.015020 0.005574
v -0.022108 -0.020914 0.001416
v -0.025708 -0.017191 0.002409
v -0.030615 -0.007154 0.007091
v -0.007556 -0.024636 0.005515
v -0.014699 -0.021599 0.002098
v -0.016436 -0.020975 0.000789
v -0.017122 -0.021572 0.000145
v -0.019407 -0.022068 0.000262
v -0.020043 -0.021652 0.000277
v -0.005273 -0.023113 0.005162
v -0.030002 0.013204 0.041864
v -0.020073 0.026938 0.056645
v 0.017463 0.028619 0.000954
v 0.015522 0.030194 0.001922
v 0.022744 0.018126 0.002982
v 0.023631 0.016985 0.003728
v 0.017976 0.024179 0.000837
v 0.017646 0.025633 0.000247
v 0.019839 0.021710 0.002100
v 0.027198 0.011630 0.005809
v 0.026890 0.011806 0.005962
v 0.027145 0.011904 0.005775
v 0.027198 0.011630 0.005809
v 0.026854 0.012444 0.005848
v 0.026954 0.012142 0.005854
v 0.026854 0.012444 0.005848
v 0.026726 0.012820 0.005888
v 0.026499 0.013385 0.005914
v 0.018784 0.000481 0.005247
v -0.022300 -0.020296 0.000743
v -0.026804 -0.015635 0.002465
v -0.009746 -0.023853 0.005491
v -0.011340 -0.023368 0.005388
v -0.010741 -0.023462 0.005421
v -0.016573 -0.021432 0.000369
v -0.020074 -0.021327 0.000148
v -0.021244 -0.020880 0.000406
v -0.020043 -0.021652 0.000277
v -0.020074 -0.021327 0.000148
v 0.003313 -0.018099 0.004819
v -0.031051 0.009761 0.030721
v -0.028567 0.016605 0.061011
v -0.028569 0.016631 0.061405
v -0.028679 0.016367 0.061214
v -0.018105 0.028414 0.044449
v -0.015701 0.029899 0.040516
v 0.016314 0.028983 0.000663
v 0.021478 0.019815 0.002772
v 0.024320 0.008338 0.005659
v 0.026499 0.013385 0.005914
v 0.026006 0.013825 0.005966
v 0.025932 0.014159 0.005901
v 0.025996 0.014512 0.005851
v 0.026279 0.013973 0.005892
v 0.025938 0.014797 0.005869
v 0.026425 0.013729 0.005924
v 0.026425 0.013729 0.005924
v -0.031446 -0.003567 0.009560
v -0.011381 -0.023087 0.005516
v -0.012005 -0.023055 0.005192
v -0.017792 -0.019442 0.001493
v 0.012631 -0.009663 0.004934
v -0.028678 0.016395 0.059210
v -0.028567 0.016605 0.061011
v -0.028653 0.016403 0.060140
v 0.002419 0.034044 0.010321
v 0.017175 0.028447 0.000622
v 0.017358 0.028171 0.000524
v 0.022231 0.018972 0.003732
v 0.015965 0.027479 0.000122
v 0.025730 0.014467 0.005975
v 0.025938 0.014797 0.005869
v 0.025932 0.014159 0.005901
v 0.026279 0.013973 0.005892
v 0.025790 0.015045 0.005870
v 0.025655 0.015298 0.005780
v 0.025790 0.015045 0.005870
v -0.021504 -0.020337 0.000304
v -0.011885 -0.022702 0.005468
v -0.010105 -0.022610 0.005302
v -0.012166 -0.022736 0.005379
v -0.013647 -0.022292 0.004757
v -0.020801 -0.020618 0.000148
v -0.020801 -0.020618 0.000148
v -0.028801 0.016171 0.054811
v -0.029303 0.015007 0.053899
v -0.030358 0.012311 0.039029
v -0.028613 0.016506 0.059496
v -0.014804 0.030412 0.033715
v 0.017175 0.028447 0.000622
v 0.016410 0.028691 0.000478
v 0.014570 0.030575 0.001492
v 0.016410 0.028691 0.000478
v 0.020487 0.020992 0.003686
v 0.018476 0.022834 0.002754
v 0.023640 0.017373 0.004423
v 0.025439 0.015480 0.005918
v 0.025394 0.015700 0.005696
v 0.025655 0.015298 0.005780
v 0.025482 0.015122 0.005957
v 0.025439 0.015480 0.005918
v 0.025482 0.015122 0.005957
v 0.024856 0.016716 0.005591
v -0.023355 -0.019567 0.001167
v -0.022466 -0.019222 0.000224
v -0.012787 -0.022536 0.005252
v -0.016749 -0.020026 0.002573
v -0.020687 -0.019585 -0.000043
v -0.028794 0.016143 0.052366
v -0.028505 0.016714 0.058710
v -0.028726 0.016272 0.058346
v -0.029210 0.015203 0.045060
v -0.030742 0.010904 0.035186
v -0.028613 0.016506 0.059496
v -0.028653 0.016403 0.060140
v -0.028505 0.016714 0.058710
v -0.027137 0.019103 0.055276
v 0.006951 0.033476 0.005329
v 0.014405 0.029284 0.000208
v 0.013232 0.031141 0.001309
v 0.012198 0.031812 0.002467
v 0.016314 0.028983 0.000663
v 0.014936 0.029645 0.000602
v 0.015698 0.026377 0.000451
v 0.025262 0.015744 0.005947
v 0.025439 0.015480 0.005918
v 0.022589 0.015358 0.005800
v 0.025079 0.015984 0.005986
v 0.025022 0.016252 0.005870
v -0.021836 -0.019639 0.000134
v -0.025440 -0.017283 0.001537
v -0.031848 0.000420 0.018046
v -0.009695 -0.021339 0.005137
v -0.012995 -0.022139 0.005559
v -0.013316 -0.022244 0.005507
v -0.017026 -0.020426 0.000811
v -0.017797 -0.019989 0.000726
v -0.020146 -0.019005 0.000083
v -0.006635 -0.020929 0.005026
v -0.028769 0.016189 0.055335
v -0.028688 0.016325 0.054301
v -0.028806 0.016094 0.053242
v -0.028678 0.016395 0.059210
v -0.011887 0.031682 0.026514
v 0.005172 0.033771 0.006576
v 0.015690 0.028274 0.000145
v 0.016742 0.024469 0.001736
v 0.016061 0.025353 0.001078
v 0.024763 0.016083 0.006004
v 0.025022 0.016252 0.005870
v 0.024655 0.017181 0.005773
v -0.021836 -0.019639 0.000134
v -0.021504 -0.020337 0.000304
v -0.024494 -0.018110 0.001001
v -0.027744 -0.013851 0.001868
v 0.006181 -0.012106 0.004771
v -0.028638 0.016447 0.056621
v -0.028734 0.016257 0.057347
v -0.030309 0.012285 0.038395
v 0.010089 0.032502 0.002007
v 0.013414 0.030822 0.000957
v 0.014936 0.029645 0.000602
v 0.021156 0.020596 0.004427
v 0.022430 0.010676 0.005666
v 0.024544 0.016971 0.005961
v -0.023108 -0.018485 0.000202
v -0.013584 -0.021723 0.005556
v -0.014326 -0.021593 0.005075
v -0.015128 -0.020902 0.005213
v -0.004778 -0.019200 0.004895
v -0.028787 0.016168 0.050856
v -0.028733 0.016292 0.053912
v -0.028724 0.016277 0.055687
v -0.028726 0.016272 0.058346
v -0.028594 0.016542 0.057209
v -0.028734 0.016257 0.057347
v -0.028549 0.016626 0.056894
v -0.028594 0.016542 0.057209
v -0.022414 0.024923 0.052745
v -0.017964 0.028495 0.037837
v -0.008577 0.032840 0.019726
v 0.014996 0.027500 0.000203
v 0.023883 0.018275 0.005773
v 0.024150 0.017819 0.005643
v 0.018046 0.023159 0.003505
v 0.021535 0.012772 0.005682
v 0.024316 0.017602 0.005732
v 0.021624 0.003115 0.005462
v -0.023197 -0.017000 -0.000057
v -0.023551 -0.018042 0.000240
v -0.024647 -0.017322 0.000512
v -0.022739 -0.018498 0.000094
v -0.022739 -0.018498 0.000094
v -0.022466 -0.019222 0.000224
v -0.029368 -0.010942 0.003321
v -0.026830 -0.015189 0.001367
v -0.013818 -0.021516 0.005460
v -0.014133 -0.021463 0.005326
v -0.019396 -0.018071 0.001098
v -0.020882 -0.016966 0.000742
v -0.028655 0.016397 0.052578
v -0.028806 0.016094 0.053242
v -0.028733 0.016292 0.053912
v -0.028655 0.016397 0.052578
v -0.028724 0.016277 0.055687
v -0.028801 0.016171 0.054811
v -0.028769 0.016189 0.055335
v -0.028581 0.016542 0.056299
v -0.028581 0.016542 0.056299
v -0.028638 0.016447 0.056621
v -0.028549 0.016626 0.056894
v 0.013802 0.030026 0.000474
v 0.013006 0.030572 0.000571
v 0.012434 0.030846 0.000586
v 0.012944 0.030171 0.000306
v 0.013802 0.030026 0.000474
v 0.022865 0.019484 0.005596
v 0.014776 0.025655 0.002470
v 0.023998 0.017706 0.005871
v 0.023998 0.017706 0.005871
v 0.024655 0.017181 0.005773
v 0.024316 0.017602 0.005732
v 0.023949 0.018006 0.005821
v -0.024380 -0.017203 0.000307
v -0.023265 -0.018179 0.000168
v -0.023108 -0.018485 0.000202
v -0.023265 -0.018179 0.000168
v -0.025957 -0.016292 0.001082
v -0.029881 -0.009226 0.004049
v -0.014468 -0.020688 0.005435
v -0.015808 -0.020399 0.004696
v -0.015596 -0.020336 0.005056
v -0.021253 -0.017249 0.000345
v -0.028691 0.016378 0.051841
v -0.028691 0.016378 0.051841
v -0.028794 0.016143 0.052366
v -0.028345 0.017118 0.054532
v -0.028688 0.016325 0.054301
v -0.015238 0.030167 0.029249
v -0.011906 0.031712 0.022589
v 0.013197 0.030311 0.000458
v 0.013197 0.030311 0.000458
v 0.011869 0.031110 0.000616
v 0.012689 0.030613 0.000499
v 0.012689 0.030613 0.000499
v 0.012434 0.030846 0.000586
v 0.013006 0.030572 0.000571
v 0.012275 0.029620 0.000072
v 0.016988 0.024212 0.004342
v 0.023439 0.018694 0.005790
v 0.023709 0.018485 0.005884
v 0.016103 0.024657 0.003604
v 0.023641 0.018142 0.005951
v 0.023949 0.018006 0.005821
v 0.023949 0.018006 0.005821
v 0.023883 0.018275 0.005773
v 0.023709 0.018485 0.005884
v -0.022716 -0.016728 -0.000011
v -0.023551 -0.018042 0.000240
v -0.023727 -0.017423 0.000118
v -0.023727 -0.017423 0.000118
v -0.028510 -0.012052 0.001221
v -0.012467 -0.019963 0.005136
v -0.014869 -0.020797 0.005414
v -0.017101 -0.019218 0.005023
v -0.015432 -0.019960 0.005349
v -0.017731 -0.018608 0.004475
v -0.026822 0.019606 0.051315
v -0.029500 0.014487 0.041686
v -0.021501 0.025766 0.045906
v -0.000942 0.034124 0.008680
v 0.008037 0.033059 0.002099
v 0.006986 0.032859 0.000841
v 0.011603 0.030978 0.000457
v 0.011869 0.031110 0.000616
v 0.021897 0.020730 0.005663
v 0.022322 0.020351 0.005874
v 0.022841 0.019587 0.005892
v 0.023392 0.018419 0.005989
v 0.023439 0.018694 0.005790
v 0.014788 0.025849 0.001694
v -0.031869 0.002506 0.016897
v -0.008645 -0.017876 0.004908
v -0.028650 0.016454 0.050716
v -0.028787 0.016168 0.050856
v -0.028572 0.016574 0.047269
v -0.028650 0.016409 0.046306
v -0.028498 0.016649 0.043239
v -0.028616 0.016463 0.049564
v -0.029551 0.014347 0.038924
v -0.029440 0.014540 0.036062
v -0.004232 0.033773 0.014000
v 0.011603 0.030978 0.000457
v 0.010640 0.031416 0.000494
v 0.010242 0.031567 0.000510
v 0.010427 0.029885 0.000117
v 0.013887 0.027264 0.000559
v 0.019856 0.022654 0.005623
v 0.021709 0.020963 0.005849
v 0.022071 0.020542 0.005896
v 0.021851 0.020730 0.005958
v 0.022615 0.019838 0.005972
v 0.022375 0.020083 0.006020
v 0.022870 0.019274 0.006010
v 0.022559 0.019470 0.006034
v 0.013934 0.026733 0.000997
v -0.022948 -0.015515 0.000195
v -0.024553 -0.016936 0.000277
v -0.025240 -0.015875 0.000223
v -0.024380 -0.017203 0.000307
v -0.024553 -0.016936 0.000277
v -0.024728 -0.016578 0.000238
v -0.027007 -0.013748 0.000459
v -0.028348 -0.012030 0.000886
v -0.016373 -0.019514 0.005412
v -0.020857 -0.016485 0.001316
v -0.019749 -0.017151 0.002579
v -0.028653 0.016398 0.050383
v -0.028650 0.016454 0.050716
v -0.028523 0.016659 0.049837
v -0.028653 0.016398 0.050383
v -0.028316 0.017012 0.045060
v -0.028503 0.016707 0.046272
v -0.028574 0.016512 0.046607
v -0.028503 0.016694 0.048533
v -0.028408 0.016889 0.048246
v 0.010417 0.031300 0.000362
v 0.010640 0.031416 0.000494
v 0.010417 0.031300 0.000362
v 0.012335 0.028232 0.000455
v 0.021101 0.021455 0.005908
v 0.021263 0.021267 0.006006
v 0.021305 0.020962 0.006063
v 0.022071 0.020542 0.005896
v 0.022053 0.020251 0.006049
v 0.022322 0.020351 0.005874
v 0.022071 0.020542 0.005896
v 0.022841 0.019587 0.005892
v 0.022615 0.019838 0.005972
v 0.015165 0.025404 0.003326
v 0.013304 0.026917 0.001360
v 0.014996 -0.004055 0.005029
v -0.024463 -0.016699 0.000167
v -0.024463 -0.016699 0.000167
v -0.024714 -0.016251 0.000123
v -0.024728 -0.016578 0.000238
v -0.024714 -0.016251 0.000123
v -0.025565 -0.015427 0.000210
v 0.000438 -0.011494 0.004727
v -0.027140 0.019151 0.054046
v -0.028386 0.016856 0.043866
v -0.028574 0.016512 0.046607
v -0.028503 0.016707 0.046272
v -0.028650 0.016409 0.046306
v -0.028432 0.016814 0.046615
v -0.028523 0.016659 0.049837
v -0.029097 0.015495 0.039308
v -0.023090 0.024254 0.047142
v 0.007062 0.033048 0.001150
v 0.010242 0.031567 0.000510
v 0.009882 0.031527 0.000403
v 0.020788 0.021731 0.005907
v 0.020604 0.021948 0.005822
v 0.021263 0.021267 0.006006
v 0.021004 0.021125 0.006070
v 0.021101 0.021455 0.005908
v 0.020859 0.021441 0.006010
v 0.017783 0.024574 0.005711
v 0.020299 0.022083 0.005865
v 0.020072 0.022431 0.005810
v -0.025196 -0.014638 -0.000065
v -0.025253 -0.015532 0.000119
v -0.025240 -0.015875 0.000223
v -0.025911 -0.014855 0.000186
v -0.029810 -0.009786 0.002682
v -0.026579 -0.013778 0.000220
v -0.026012 -0.014203 0.000078
v -0.031787 -0.000839 0.011419
v -0.014352 -0.018060 0.005060
v -0.016929 -0.018826 0.005469
v -0.017183 -0.018967 0.005248
v 0.010005 -0.007860 0.004848
v -0.028373 0.016962 0.046943
v -0.028432 0.016814 0.046615
v -0.028404 0.016875 0.047268
v -0.028408 0.016889 0.048246
v -0.028404 0.016875 0.047268
v -0.028572 0.016574 0.047269
v -0.028373 0.016962 0.046943
v -0.028546 0.016547 0.041836
v -0.028616 0.016463 0.049564
v -0.028503 0.016694 0.048533
v 0.008854 0.031914 0.000414
v 0.009882 0.031527 0.000403
v 0.009106 0.031641 0.000315
v 0.009106 0.031641 0.000315
v 0.020604 0.021948 0.005822
v 0.020406 0.021786 0.005956
v 0.020788 0.021731 0.005907
v 0.013052 0.026856 0.001771
v 0.019936 0.022645 0.005920
v 0.019451 0.023015 0.005938
v 0.020020 0.022219 0.005968
v 0.020072 0.022431 0.005810
v 0.019777 0.022441 0.006019
v 0.019936 0.022645 0.005920
v 0.020299 0.022083 0.005865
v 0.020035 0.021879 0.005985
v -0.021672 -0.015800 0.000826
v -0.025253 -0.015532 0.000119
v -0.025565 -0.015427 0.000210
v -0.025616 -0.015009 0.000106
v -0.025616 -0.015009 0.000106
v -0.025911 -0.014855 0.000186
v -0.026012 -0.014203 0.000078
v -0.029400 -0.010285 0.001502
v -0.028140 -0.011745 0.000489
v -0.026573 -0.013487 0.000121
v -0.026777 -0.013188 0.000156
v -0.026573 -0.013487 0.000121
v -0.026579 -0.013778 0.000220
v -0.026810 -0.012809 0.000071
v -0.031636 0.006082 0.016351
v -0.017625 -0.018202 0.005208
v -0.028327 0.016984 0.044753
v -0.028526 0.016622 0.042378
v -0.028393 0.016854 0.042980
v -0.030338 0.012219 0.030132
v 0.004584 0.033741 0.001817
v 0.008149 0.032228 0.000476
v 0.008854 0.031914 0.000414
v 0.007567 0.032009 0.000304
v 0.008149 0.032228 0.000476
v 0.018584 0.023871 0.005936
v 0.015321 0.025588 0.004636
v 0.019234 0.022794 0.006052
v 0.019031 0.023038 0.006071
v 0.019451 0.023015 0.005938
v -0.029131 -0.009435 0.000544
v -0.026777 -0.013188 0.000156
v -0.026810 -0.012809 0.000071
v -0.025723 -0.012884 -0.000061
v -0.027520 -0.012140 0.000242
v -0.031793 0.004259 0.014736
v -0.015795 -0.017596 0.005126
v -0.028315 0.017018 0.044145
v -0.028194 0.017236 0.044644
v -0.028316 0.017012 0.045060
v -0.028194 0.017236 0.044644
v -0.028327 0.016984 0.044753
v -0.028432 0.016778 0.042051
v -0.028498 0.016649 0.043239
v -0.028224 0.017174 0.043856
v -0.028393 0.016854 0.042980
v -0.028386 0.016856 0.043866
v -0.028224 0.017174 0.043856
v -0.028164 0.017268 0.040365
v -0.024724 0.022413 0.047244
v 0.002766 0.033989 0.002147
v 0.007772 0.031194 0.000077
v 0.008484 0.029776 0.000386
v 0.012952 0.026617 0.002937
v 0.017562 0.024267 0.006104
v -0.030200 -0.008537 0.002196
v -0.027555 -0.011813 0.000166
v -0.027862 -0.011627 0.000266
v -0.028827 -0.009348 0.000311
v -0.026883 -0.011742 -0.000046
v -0.027555 -0.011813 0.000166
v -0.027520 -0.012140 0.000242
v -0.030576 0.011357 0.026644
v -0.017636 -0.017540 0.005389
v -0.017950 -0.017682 0.005295
v -0.018650 -0.017334 0.005231
v -0.028315 0.017018 0.044145
v -0.027628 0.018356 0.046743
v -0.028202 0.017204 0.041106
v -0.028526 0.016622 0.042378
v -0.027971 0.017655 0.041825
v -0.028432 0.016778 0.042051
v -0.028320 0.017014 0.039765
v -0.020039 0.026958 0.038637
v -0.018360 0.028257 0.031596
v -0.014829 0.030356 0.024630
v -0.013959 0.030804 0.022204
v -0.000126 0.034182 0.003876
v 0.007567 0.032009 0.000304
v 0.007401 0.032268 0.000415
v 0.008362 0.029352 0.000712
v 0.010892 0.028100 0.001179
v 0.018365 0.023740 0.006087
v 0.016019 0.025806 0.005777
v 0.011885 0.027147 0.004056
v 0.014660 0.003243 0.005133
v -0.030567 -0.007097 0.001758
v -0.027862 -0.011627 0.000266
v -0.027778 -0.011303 0.000152
v -0.027778 -0.011303 0.000152
v -0.028102 -0.010632 0.000178
v -0.026461 -0.011248 -0.000044
v -0.030995 -0.005652 0.002551
v -0.031245 0.008628 0.023915
v -0.017331 -0.016951 0.005234
v -0.028202 0.017204 0.041106
v -0.028546 0.016547 0.041836
v 0.008976 0.028886 0.001006
v 0.018366 0.024075 0.005945
v 0.018584 0.023871 0.005936
v 0.017866 0.024263 0.006096
v 0.017144 0.024908 0.005732
v 0.017635 0.024579 0.005986
v -0.023273 -0.012653 0.002324
v -0.023197 -0.013986 0.000675
v -0.024349 -0.013583 0.000147
v -0.029495 -0.009296 0.000929
v -0.028102 -0.010632 0.000178
v -0.028074 -0.010228 0.000099
v -0.028074 -0.010228 0.000099
v -0.025667 -0.010822 0.000305
v -0.016295 -0.015510 0.005068
v -0.019959 -0.016247 0.004497
v -0.028178 0.017232 0.040749
v -0.028173 0.017246 0.040002
v -0.028238 0.017095 0.037024
v 0.007401 0.032268 0.000415
v 0.007209 0.031011 0.000085
v 0.010667 0.027839 0.001857
v 0.016771 0.025298 0.005972
v 0.017082 0.024750 0.006011
v 0.017635 0.024579 0.005986
v 0.016516 0.025438 0.005999
v -0.028189 -0.009578 0.000048
v -0.031039 0.009453 0.016566
v -0.018782 -0.016878 0.005540
v -0.019088 -0.016749 0.005455
v -0.028178 0.017232 0.040749
v -0.028164 0.017268 0.040365
v -0.028962 0.015625 0.028864
v -0.022191 0.025094 0.035435
v 0.004659 0.033526 0.001238
v -0.006909 0.033291 0.012015
v -0.005276 0.033651 0.009652
v 0.004038 0.032000 0.000080
v 0.016853 0.025026 0.006091
v 0.017029 0.024377 0.006087
v 0.016771 0.025298 0.005972
v 0.016519 0.025149 0.006123
v 0.016200 0.025662 0.005983
v 0.016214 0.025383 0.006110
v 0.016516 0.025438 0.005999
v 0.015428 0.026039 0.005772
v 0.015964 0.025874 0.006038
v 0.012111 0.027197 0.004642
v 0.014629 0.026571 0.005746
v 0.016603 0.008301 0.005318
v -0.024029 -0.013188 0.000542
v -0.030678 -0.006008 0.001189
v -0.028507 -0.009547 0.000166
v -0.028507 -0.009547 0.000166
v -0.027930 -0.007864 -0.000019
v -0.031913 0.000901 0.009314
v -0.031865 -0.000401 0.002711
v -0.026299 0.020377 0.047676
v -0.028173 0.017246 0.040002
v -0.028180 0.017257 0.039590
v -0.028320 0.017014 0.039765
v -0.028180 0.017257 0.039590
v -0.023077 0.024227 0.040468
v -0.017562 0.028753 0.026112
v 0.005309 0.032752 0.000561
v 0.005309 0.032752 0.000561
v 0.007606 0.028800 0.001996
v 0.007838 0.029010 0.001366
v 0.016200 0.025662 0.005983
v 0.015898 0.025534 0.006125
v 0.015964 0.025874 0.006038
v 0.015000 0.025856 0.006147
v 0.015373 0.025931 0.006066
v 0.015626 0.025724 0.006132
v -0.029252 -0.008143 0.000327
v -0.030278 -0.006224 0.000668
v -0.028827 -0.009348 0.000311
v -0.024844 -0.011328 0.000643
v -0.026375 -0.010141 0.000113
v -0.015069 -0.013888 0.004947
v -0.019122 -0.016387 0.005490
v -0.018790 -0.015927 0.005243
v -0.019730 -0.015948 0.005285
v -0.020274 -0.015476 0.005071
v -0.021929 -0.013420 0.003951
v -0.028186 0.017182 0.038191
v 0.005903 0.030471 0.000316
v 0.009109 0.028376 0.001971
v 0.014933 0.026426 0.005985
v 0.014810 0.026198 0.006153
v 0.014081 0.026804 0.005730
v 0.014361 0.026703 0.005917
v -0.028954 -0.008763 0.000262
v -0.028753 -0.009032 0.000205
v -0.028753 -0.009032 0.000205
v -0.028954 -0.008763 0.000262
v -0.019830 -0.015627 0.005450
v -0.026647 0.019814 0.039265
v -0.028266 0.017037 0.036715
v -0.024743 0.022333 0.042202
v 0.009253 0.028172 0.002716
v 0.017009 0.019303 0.005746
v 0.014469 0.026197 0.006165
v 0.014089 0.026671 0.006097
v 0.013898 0.026916 0.006012
v 0.014370 0.026507 0.006137
v 0.015529 0.013298 0.005458
v -0.028748 -0.008539 0.000132
v -0.028748 -0.008539 0.000132
v -0.029252 -0.008143 0.000327
v -0.029233 -0.007164 0.000125
v -0.025194 -0.010231 0.001310
v -0.026684 -0.007256 0.000608
v -0.008551 -0.010483 0.004769
v -0.020180 -0.014878 0.005407
v -0.019577 -0.014618 0.005242
v -0.020854 -0.014416 0.005120
v -0.020089 -0.015407 0.005404
v -0.028186 0.017182 0.038191
v -0.026295 0.020310 0.041566
v -0.028476 0.016631 0.035941
v -0.028112 0.017326 0.036601
v -0.028523 0.016562 0.035620
v -0.028413 0.016824 0.034731
v 0.004521 0.032857 0.000521
v 0.002333 0.033808 0.001422
v -0.003443 0.033934 0.005463
v 0.005657 0.029848 0.000826
v 0.014648 0.024973 0.005998
v 0.014089 0.026671 0.006097
v 0.013539 0.026951 0.006031
v 0.013737 0.026696 0.006117
v 0.013898 0.026916 0.006012
v -0.029233 -0.007164 0.000125
v -0.025619 -0.009459 0.000927
v -0.031630 -0.002311 0.002274
v -0.029300 0.014799 0.018481
v -0.017951 -0.013793 0.005060
v -0.028238 0.017095 0.037024
v -0.028112 0.017326 0.036601
v -0.028266 0.017037 0.036715
v -0.028127 0.017245 0.033040
v -0.028476 0.016631 0.035941
v -0.028419 0.016778 0.035356
v -0.028523 0.016562 0.035620
v -0.028419 0.016778 0.035356
v -0.020143 0.026851 0.030249
v 0.000372 0.034089 0.002440
v 0.004178 0.032950 0.000547
v 0.004303 0.032717 0.000393
v 0.004521 0.032857 0.000521
v 0.004303 0.032717 0.000393
v 0.000740 0.033577 0.000933
v 0.008221 0.028422 0.003515
v 0.012446 0.027587 0.005672
v 0.012736 0.027391 0.006050
v -0.031904 0.003239 0.009432
v -0.020836 -0.014161 0.005330
v -0.026602 0.019894 0.037266
v -0.010080 0.032355 0.015703
v -0.013145 0.031100 0.016456
v 0.002461 0.032977 0.000442
v 0.005910 0.029281 0.001702
v 0.012470 0.027538 0.006026
v 0.011908 0.027853 0.005881
v 0.012932 0.027120 0.006079
v -0.029828 -0.005276 0.000183
v -0.027265 -0.006643 0.000308
v -0.024972 -0.009732 0.002284
v -0.030305 0.012078 0.014538
v -0.020858 -0.013809 0.005398
v -0.028215 0.017056 0.031781
v 0.003407 0.032723 0.000336
v 0.003407 0.032723 0.000336
v 0.004178 0.032950 0.000547
v 0.002147 0.033070 0.000481
v 0.003856 0.030501 0.000487
v 0.004594 0.029827 0.001049
v 0.008996 0.028427 0.004757
v 0.012571 0.027107 0.006136
v 0.012470 0.027538 0.006026
v 0.012736 0.027391 0.006050
v 0.011574 0.027866 0.006075
v -0.023204 -0.011446 0.004001
v -0.019554 -0.013267 0.005108
v -0.028242 0.017007 0.031465
v -0.028127 0.017245 0.033040
v -0.028413 0.016824 0.034731
v -0.009670 0.032543 0.011630
v -0.014312 0.030588 0.018161
v 0.002221 0.032795 0.000314
v 0.002461 0.032977 0.000442
v 0.002221 0.032795 0.000314
v 0.010477 0.028181 0.006177
v 0.011352 0.028099 0.005966
v 0.010723 0.028364 0.006017
v 0.010186 0.006584 0.005079
v -0.030584 -0.005186 0.000741
v -0.031399 -0.003150 0.001660
v -0.031951 0.001453 0.003168
v -0.021371 -0.012959 0.005297
v -0.028266 0.016995 0.030339
v -0.028215 0.017056 0.031781
v -0.028096 0.017298 0.030864
v -0.028242 0.017007 0.031465
v -0.000990 0.033990 0.002078
v 0.001526 0.032145 0.000081
v 0.001800 0.031587 0.000118
v -0.000355 0.033803 0.001343
v 0.001173 0.032915 0.000347
v 0.002147 0.033070 0.000481
v -0.006803 0.033370 0.005827
v 0.004985 0.029189 0.003319
v 0.003248 0.029434 0.002785
v 0.007945 0.028766 0.004647
v 0.009911 0.028654 0.005807
v -0.029064 -0.003749 -0.000044
v -0.030114 -0.005113 0.000330
v -0.026677 -0.006534 0.000881
v -0.018823 -0.011166 0.005027
v -0.020907 -0.012262 0.005158
v -0.021592 -0.012393 0.005270
v -0.028096 0.017298 0.030864
v -0.028262 0.017025 0.029019
v -0.026609 0.019813 0.030145
v -0.017162 0.028993 0.021486
v 0.008724 -0.002889 0.004861
v -0.012642 0.031386 0.013045
v 0.002063 0.030896 0.000348
v 0.006296 0.029057 0.004322
v 0.010433 0.028470 0.006065
v 0.010723 0.028364 0.006017
v -0.029902 -0.003368 0.000035
v -0.029828 -0.005276 0.000183
v -0.030086 -0.004160 0.000164
v -0.030114 -0.005113 0.000330
v -0.030282 -0.004448 0.000318
v -0.030282 -0.004448 0.000318
v -0.031710 0.005763 0.004463
v -0.022105 -0.011721 0.005272
v -0.022064 0.025197 0.031808
v 0.008498 0.028942 0.006180
v 0.008524 0.029259 0.005934
v 0.009872 0.028421 0.006136
v -0.021551 -0.012096 0.005304
v -0.028281 0.016938 0.028416
v -0.028151 0.017155 0.029516
v -0.028124 0.017233 0.029197
v -0.028076 0.017316 0.029800
v -0.028076 0.017316 0.029800
v -0.028266 0.016995 0.030339
v -0.023185 0.024084 0.034164
v -0.021954 0.025288 0.026851
v -0.018691 0.027949 0.021194
v 0.001173 0.032915 0.000347
v 0.000431 0.033139 0.000516
v -0.000679 0.033510 0.000864
v 0.002736 0.030051 0.001005
v 0.008136 0.029390 0.005878
v 0.009658 0.028651 0.006046
v 0.009400 0.028852 0.005928
v 0.007851 0.009858 0.005136
v -0.028216 -0.003557 0.000248
v -0.030743 -0.003428 0.000544
v -0.031173 -0.002978 0.001035
v -0.031797 -0.000186 0.001975
v -0.022309 -0.011109 0.005286
v -0.022580 -0.011216 0.005100
v 0.002696 -0.002324 0.004760
v -0.028082 0.017335 0.027666
v -0.028124 0.017233 0.029197
v -0.028151 0.017155 0.029516
v -0.028281 0.016938 0.028416
v -0.028262 0.017025 0.029019
v 0.000099 0.032868 0.000351
v 0.000431 0.033139 0.000516
v 0.000099 0.032868 0.000351
v 0.002378 0.029711 0.001721
v 0.008768 0.029079 0.006110
v 0.010421 0.016770 0.005432
v -0.030297 -0.003845 0.000242
v -0.030297 -0.003845 0.000242
v -0.030086 -0.004160 0.000164
v -0.024142 -0.009252 0.005177
v -0.031619 -0.000290 0.001306
v -0.031237 0.008417 0.013064
v -0.031434 0.007688 0.008631
v -0.022234 -0.010346 0.005163
v -0.023351 -0.010201 0.005258
v -0.028018 0.017425 0.023306
v -0.022970 0.024279 0.026627
v -0.002842 0.033660 0.001489
v -0.001121 0.032348 0.000096
v -0.000578 0.033077 0.000463
v -0.001167 0.033004 0.000418
v -0.000578 0.033077 0.000463
v -0.002808 0.031278 0.000087
v -0.004072 0.033754 0.002673
v 0.003957 0.029559 0.004704
v 0.007482 0.029369 0.005697
v -0.029274 -0.001130 -0.000014
v -0.030154 -0.003573 0.000141
v -0.030460 -0.003060 0.000284
v -0.030154 -0.003573 0.000141
v -0.025058 -0.007447 0.005196
v -0.031385 -0.001127 0.000970
v -0.020984 -0.009609 0.005071
v -0.023097 -0.010343 0.005366
v -0.025679 0.021121 0.035128
v -0.000859 0.032912 0.000356
v -0.000859 0.032912 0.000356
v 0.007991 0.029453 0.006110
v 0.008314 0.029295 0.006117
v 0.008524 0.029259 0.005934
v 0.005898 0.029751 0.005917
v 0.007091 0.029301 0.006030
v 0.007393 0.029307 0.006009
v 0.005046 0.029825 0.005778
v 0.009982 0.022471 0.005701
v -0.027028 -0.003701 0.001768
v -0.026144 -0.006432 0.002944
v -0.025513 -0.006787 0.005188
v -0.030777 -0.001561 0.000365
v -0.031046 -0.001248 0.000564
v -0.028082 0.017335 0.027666
v -0.001167 0.033004 0.000418
v -0.000750 0.030981 0.000283
v -0.000506 0.030120 0.001015
v 0.007991 0.029453 0.006110
v 0.007238 0.028974 0.006114
v 0.007851 0.029199 0.006202
v 0.007393 0.029307 0.006009
v -0.023708 -0.009579 0.005211
v -0.027296 -0.002774 0.001312
v -0.029966 -0.001041 -0.000011
v -0.024381 -0.008368 0.005336
v -0.024046 -0.009021 0.005478
v -0.030575 -0.001768 0.000246
v -0.026408 0.020088 0.022926
v -0.027897 0.017661 0.027094
v -0.027976 0.017515 0.026759
v -0.027897 0.017661 0.027094
v -0.002961 0.032867 0.000437
v -0.001419 0.032799 0.000316
v -0.006323 0.033291 0.002140
v -0.009106 0.032753 0.007433
v 0.002344 0.029641 0.004822
v 0.006506 0.029498 0.006093
v 0.006224 0.029661 0.006058
v 0.006233 0.029350 0.006159
v 0.005284 0.029805 0.006012
v -0.023573 -0.009240 0.005388
v -0.027998 -0.001762 0.000576
v -0.030575 -0.001768 0.000246
v -0.030460 -0.003060 0.000284
v -0.024090 -0.008478 0.005457
v -0.030616 -0.000477 0.000210
v -0.030777 -0.001561 0.000365
v -0.030616 -0.000477 0.000210
v -0.020487 -0.007880 0.005042
v -0.027976 0.017515 0.026759
v -0.028076 0.017310 0.026115
v -0.027972 0.017510 0.024834
v -0.001713 0.032907 0.000383
v -0.001419 0.032799 0.000316
v -0.001713 0.032907 0.000383
v -0.002495 0.032171 0.000120
v 0.000304 0.029692 0.002008
v 0.001756 0.029635 0.004490
v 0.006224 0.029661 0.006058
v 0.004770 0.029523 0.006100
v 0.004764 0.029790 0.005917
v -0.028803 -0.000833 0.000131
v -0.026723 -0.004181 0.005239
v -0.025717 -0.006175 0.005092
v -0.024816 -0.007564 0.005396
v -0.031802 0.002585 0.001714
v -0.031431 0.002378 0.000817
v -0.030933 0.001263 0.000358
v -0.003154 0.033216 0.000783
v -0.002677 0.032751 0.000333
v -0.002677 0.032751 0.000333
v -0.010571 0.032260 0.005875
v 0.000809 0.029554 0.003492
v -0.025350 -0.006698 0.005458
v -0.023619 -0.007578 0.005212
v -0.030243 0.002583 0.000014
v -0.030933 0.001263 0.000358
v -0.030723 0.001486 0.000217
v -0.027900 0.017606 0.021527
v -0.027922 0.017576 0.024502
v -0.028076 0.017310 0.026115
v -0.027922 0.017576 0.024502
v -0.027972 0.017510 0.024834
v -0.014188 0.030711 0.009566
v 0.003808 0.029977 0.006083
v 0.003231 0.030244 0.005976
v 0.003156 0.029976 0.006139
v -0.028353 -0.001038 0.000399
v -0.026206 -0.005159 0.005473
v -0.025399 -0.006064 0.005383
v -0.031821 0.004051 0.002216
v -0.028438 0.016634 0.017780
v -0.027872 0.017683 0.023166
v 0.002274 0.030310 0.005845
v 0.005720 0.026172 0.005794
v -0.027487 -0.000749 0.002049
v -0.027869 -0.000663 0.000949
v -0.025699 -0.005886 0.005352
v -0.030970 0.001676 0.000378
v -0.031434 0.004271 0.000944
v -0.029704 0.001399 -0.000052
v -0.030723 0.001486 0.000217
v -0.027931 0.017562 0.023959
v -0.027931 0.017562 0.023959
v -0.027872 0.017683 0.023166
v -0.028018 0.017425 0.023306
v -0.028495 0.016458 0.018586
v -0.027942 0.017513 0.020417
v -0.025736 0.021023 0.029054
v -0.019885 0.027023 0.017015
v -0.005874 0.032728 0.000674
v -0.003887 0.032715 0.000406
v -0.003887 0.032715 0.000406
v -0.002961 0.032867 0.000437
v -0.002984 0.030592 0.000379
v 0.003471 0.030123 0.006069
v 0.003471 0.030123 0.006069
v -0.027233 -0.002042 0.003664
v -0.027606 -0.000749 0.001540
v -0.025745 -0.005529 0.005494
v -0.030825 0.002073 0.000287
v -0.030825 0.002073 0.000287
v -0.030970 0.001676 0.000378
v -0.031036 0.003039 0.000421
v -0.029176 0.000280 0.000029
v -0.029303 0.014708 0.013762
v -0.027808 0.017785 0.021853
v -0.027894 0.017577 0.020954
v -0.030508 0.011471 0.009211
v -0.017519 0.028728 0.012619
v -0.002120 0.029912 0.001185
v -0.001919 0.029498 0.002581
v -0.007277 0.032800 0.001228
v -0.000858 0.029654 0.004336
v 0.003471 0.030123 0.006069
v 0.003231 0.030244 0.005976
v 0.002570 0.030255 0.006016
v 0.002570 0.030255 0.006016
v 0.003064 0.027375 0.005860
v -0.026540 -0.004491 0.005413
v -0.024180 -0.004255 0.005112
v -0.030806 0.003249 0.000270
v -0.031036 0.003039 0.000421
v -0.027886 0.017611 0.020111
v -0.027729 0.017890 0.020069
v -0.027751 0.017842 0.020879
v -0.027900 0.017606 0.021527
v -0.027751 0.017842 0.020879
v -0.027894 0.017577 0.020954
v -0.012873 -0.006077 0.004789
v -0.004016 0.032453 0.000272
v -0.002590 0.030218 0.000739
v -0.008708 0.032669 0.001916
v -0.010280 0.032300 0.002923
v -0.004016 0.032453 0.000272
v -0.005043 0.032466 0.000363
v 0.001369 0.030242 0.005676
v 0.002218 0.030140 0.006073
v 0.002218 0.030140 0.006073
v -0.030795 0.003634 0.000288
v -0.030806 0.003249 0.000270
v -0.028727 0.000586 0.000204
v -0.027808 0.017785 0.021853
v -0.027942 0.017513 0.020417
v -0.027729 0.017890 0.020069
v -0.027886 0.017611 0.020111
v -0.031206 0.008816 0.004026
v -0.016075 0.029683 0.008029
v 0.001928 0.030279 0.005934
v 0.001429 0.029947 0.006087
v 0.001928 0.030279 0.005934
v -0.030795 0.003634 0.000288
v -0.028467 0.016466 0.015947
v -0.028434 0.016559 0.016749
v -0.027876 0.017630 0.019443
v -0.024583 0.022498 0.024641
v -0.022928 0.024293 0.019212
v -0.004213 0.029645 0.001126
v -0.005874 0.032125 0.000260
v -0.006403 0.032362 0.000497
v -0.002662 0.029507 0.004261
v 0.001214 0.030214 0.005983
v -0.026846 -0.003033 0.005340
v -0.026721 -0.003903 0.005390
v -0.031434 0.007197 0.002137
v -0.028024 0.000933 0.000870
v -0.028488 0.004072 0.000352
v -0.028495 0.016458 0.018586
v -0.027901 0.017577 0.019112
v -0.028438 0.016634 0.017780
v -0.027901 0.017577 0.019112
v -0.027714 0.017917 0.019467
v -0.027876 0.017630 0.019443
v -0.027749 0.017841 0.019169
v -0.027901 0.017577 0.019112
v -0.027714 0.017917 0.019467
v -0.006928 0.030904 0.000021
v -0.005043 0.032466 0.000363
v -0.005080 0.029690 0.000883
v -0.003653 0.029303 0.002534
v -0.009908 0.031983 0.001127
v -0.007644 0.032078 0.000478
v -0.005874 0.032125 0.000260
v 0.000861 0.030132 0.006033
v -0.000106 0.030212 0.005810
v 0.001214 0.030214 0.005983
v 0.000775 0.029672 0.006106
v 0.001819 0.004488 0.004857
v -0.027063 -0.001404 0.004973
v -0.026588 -0.003114 0.005526
v -0.024798 -0.002702 0.005149
v -0.031096 0.004528 0.000569
v -0.030868 0.005764 0.000493
v -0.031096 0.004528 0.000569
v -0.030868 0.005764 0.000493
v -0.031461 0.005743 0.001347
v -0.027757 0.001180 0.001392
v -0.028216 0.016918 0.016321
v -0.027749 0.017841 0.019169
v -0.027542 0.018209 0.018786
v -0.006983 0.032001 0.000309
v -0.006403 0.032362 0.000497
v -0.006983 0.032001 0.000309
v -0.001336 0.029961 0.005439
v 0.000861 0.030132 0.006033
v 0.000522 0.029846 0.006113
v -0.029887 0.007716 0.000088
v -0.028168 0.003510 0.000659
v -0.028826 0.015724 0.012705
v -0.027542 0.018209 0.018786
v -0.004189 0.029220 0.003878
v 0.000127 0.030197 0.005983
v -0.000819 0.029682 0.006063
v 0.001407 0.024225 0.005591
v -0.026937 -0.001174 0.005187
v -0.026564 -0.002551 0.005469
v -0.027530 0.001731 0.002399
v -0.029175 0.006036 -0.000032
v -0.028374 0.016646 0.015253
v -0.028445 0.016512 0.014873
v -0.028434 0.016559 0.016749
v -0.028216 0.016918 0.016321
v -0.027506 0.018259 0.016967
v -0.028467 0.016466 0.015947
v -0.028374 0.016646 0.015253
v -0.027588 0.018141 0.018172
v -0.027461 0.018326 0.017637
v -0.027461 0.018326 0.017637
v -0.012528 -0.001442 0.004778
v -0.005252 0.029251 0.001602
v -0.007321 0.029888 0.000272
v -0.009114 0.031126 0.000176
v -0.007644 0.032078 0.000478
v -0.008566 0.031588 0.000333
v -0.012745 0.031225 0.002129
v -0.010754 0.032024 0.002115
v -0.000443 0.030099 0.005904
v -0.027460 0.000883 0.005112
v -0.031096 0.006762 0.000899
v -0.030914 0.006036 0.000566
v -0.028569 0.016258 0.013371
v -0.028707 0.015962 0.013215
v -0.028523 0.016372 0.014088
v -0.028352 0.016707 0.014574
v -0.028352 0.016707 0.014574
v -0.028445 0.016512 0.014873
v -0.027588 0.018141 0.018172
v -0.003935 0.001216 0.004747
v -0.008668 0.031810 0.000499
v -0.008566 0.031588 0.000333
v -0.001202 0.029972 0.005760
v -0.026570 -0.001222 0.005353
v -0.030973 0.006349 0.000674
v -0.030914 0.006036 0.000566
v -0.030747 0.006262 0.000429
v -0.030747 0.006262 0.000429
v -0.027513 0.004675 0.001633
v -0.028700 0.015987 0.012835
v -0.028569 0.016258 0.013371
v -0.028700 0.015987 0.012835
v -0.028707 0.015962 0.013215
v -0.028523 0.016372 0.014088
v -0.028363 0.016685 0.014205
v -0.028363 0.016685 0.014205
v -0.027666 0.017976 0.012336
v -0.020161 -0.002990 0.004942
v -0.021756 0.025415 0.016033
v -0.009270 0.031591 0.000479
v -0.010400 0.031182 0.000463
v -0.008668 0.031810 0.000499
v -0.009270 0.031591 0.000479
v -0.008775 0.030564 0.000046
v -0.011651 0.031412 0.001259
v -0.014108 0.030725 0.003999
v -0.001130 0.029785 0.005977
v -0.002384 0.030024 0.005467
v -0.027304 0.000886 0.005364
v -0.027579 0.002870 0.004231
v -0.028028 0.007416 0.000365
v -0.030932 0.006648 0.000684
v -0.030932 0.006648 0.000684
v -0.030973 0.006349 0.000674
v -0.029199 0.014925 0.009839
v -0.027264 0.018664 0.016617
v -0.027506 0.018259 0.016967
v -0.031027 0.009274 0.002204
v -0.009216 0.031340 0.000299
v -0.009216 0.031340 0.000299
v -0.014962 0.030200 0.002350
v -0.001780 0.030006 0.005859
v -0.027066 0.000692 0.005459
v -0.027642 0.007431 0.000695
v -0.028755 0.011221 0.000012
v -0.030735 0.007758 0.000670
v -0.030715 0.008612 0.000836
v -0.028821 0.015735 0.011813
v -0.028826 0.015724 0.012705
v -0.028821 0.015735 0.011813
v -0.027264 0.018664 0.016617
v -0.027297 0.018589 0.016028
v -0.027288 0.018593 0.015699
v -0.027251 0.018656 0.015061
v -0.026251 0.020229 0.014583
v -0.030816 0.009251 0.001263
v -0.005571 0.028910 0.003661
v -0.007549 0.028999 0.000963
v -0.004385 0.029773 0.005638
v -0.003401 0.029982 0.005529
v -0.009972 0.031175 0.000350
v -0.009972 0.031175 0.000350
v -0.012500 0.030484 0.000575
v -0.002080 0.029915 0.005958
v -0.002383 0.030017 0.005772
v -0.002761 0.029310 0.006025
v -0.001699 0.026285 0.005682
v -0.028824 0.008740 -0.000019
v -0.030680 0.007121 0.000487
v -0.030680 0.007121 0.000487
v -0.027344 0.005241 0.002663
v -0.028910 0.015557 0.010589
v -0.027297 0.018589 0.016028
v -0.027129 0.018870 0.015554
v -0.027118 0.018881 0.015244
v -0.027288 0.018593 0.015699
v -0.027129 0.018870 0.015554
v -0.030558 0.011221 0.002849
v -0.029298 0.014725 0.007440
v -0.003089 0.029976 0.005710
v -0.010677 0.030879 0.000338
v -0.010400 0.031182 0.000463
v -0.010202 0.029561 0.000072
v -0.010162 0.028944 0.000258
v -0.025642 0.000780 0.005178
v -0.028524 0.016393 0.008862
v -0.027118 0.018881 0.015244
v -0.026870 0.019273 0.014526
v -0.027251 0.018656 0.015061
v -0.030589 0.008372 0.000645
v -0.030735 0.007758 0.000670
v -0.030589 0.008372 0.000645
v -0.007134 0.028451 0.003599
v -0.009075 0.027975 0.002169
v -0.003751 0.029917 0.005771
v -0.003051 0.029789 0.005938
v -0.010677 0.030879 0.000338
v -0.011501 0.030788 0.000488
v -0.011041 0.030307 0.000136
v 0.005351 0.014592 0.005214
v -0.027358 0.002294 0.005127
v -0.027047 0.002346 0.005401
v -0.026870 0.019273 0.014526
v -0.026782 0.019421 0.013666
v -0.020402 0.026625 0.010549
v -0.005925 0.028938 0.004239
v -0.005508 0.029576 0.005745
v -0.012183 0.030390 0.000402
v -0.011501 0.030788 0.000488
v -0.012183 0.030390 0.000402
v -0.027518 0.003389 0.005008
v -0.026790 0.002952 0.005461
v -0.027321 0.007100 0.001237
v -0.026976 0.007488 0.001808
v -0.028910 0.015557 0.010589
v -0.029199 0.014925 0.009839
v -0.030715 0.008612 0.000836
v -0.030311 0.009556 0.000642
v -0.004624 0.029549 0.005911
v -0.013366 0.030361 0.000806
v -0.014622 0.030212 0.001615
v -0.027412 0.005866 0.004209
v -0.027292 0.003629 0.005306
v -0.029104 0.015142 0.009619
v -0.029140 0.015062 0.009333
v -0.029104 0.015142 0.009619
v -0.026782 0.019421 0.013666
v -0.026811 0.019333 0.013189
v -0.029380 0.014504 0.006327
v -0.018978 0.027739 0.004645
v -0.004776 0.029285 0.006011
v -0.005223 0.029577 0.005878
v -0.011077 0.027716 0.000937
v -0.023839 0.001015 0.005064
v -0.027086 0.003047 0.005441
v -0.022076 0.004332 0.004950
v -0.028921 0.015568 0.009093
v -0.029140 0.015062 0.009333
v -0.029048 0.015252 0.009108
v -0.029048 0.015252 0.009108
v -0.026996 0.019069 0.012165
v -0.026704 0.019530 0.011781
v -0.026932 0.019156 0.012975
v -0.030428 0.009791 0.000860
v -0.030311 0.009556 0.000642
v -0.030381 0.010371 0.001063
v -0.030466 0.011089 0.001741
v -0.029481 0.014256 0.005765
v -0.006083 0.028734 0.005956
v -0.013494 0.028791 0.000075
v -0.012880 0.030012 0.000378
v -0.012500 0.030484 0.000575
v -0.012880 0.030012 0.000378
v -0.027087 0.003964 0.005373
v -0.027369 0.003969 0.005145
v -0.029389 0.010203 0.000105
v -0.029004 0.015377 0.008834
v -0.028921 0.015568 0.009093
v -0.026705 0.019526 0.011033
v -0.026811 0.019333 0.013189
v -0.030428 0.009791 0.000860
v -0.030326 0.010122 0.000846
v -0.030326 0.010122 0.000846
v -0.029969 0.012159 0.001327
v -0.029481 0.014236 0.005144
v -0.029117 0.015070 0.006612
v -0.006908 0.029106 0.005212
v -0.005826 0.029422 0.005630
v -0.005889 0.029236 0.005898
v -0.027281 0.004258 0.005320
v -0.027399 0.004538 0.005177
v -0.027302 0.008609 0.000752
v -0.028232 0.010584 -0.000022
v -0.029004 0.015377 0.008834
v -0.026770 0.019440 0.009963
v -0.026842 0.019329 0.012023
v -0.026704 0.019530 0.011781
v -0.026996 0.019069 0.012165
v -0.026694 0.019549 0.012208
v -0.026842 0.019329 0.012023
v -0.026694 0.019549 0.012208
v -0.026932 0.019156 0.012975
v -0.030381 0.010371 0.001063
v -0.030124 0.010865 0.000835
v -0.030315 0.010721 0.001086
v -0.030315 0.010721 0.001086
v -0.029450 0.014314 0.004832
v -0.023193 0.024028 0.009353
v -0.008903 0.027936 0.003654
v -0.014178 0.029442 0.000416
v -0.014178 0.029442 0.000416
v -0.015489 0.029381 0.000972
v -0.026844 0.004699 0.005427
v -0.026656 0.008622 0.002454
v -0.026523 0.019788 0.011645
v -0.026426 0.019928 0.011392
v -0.030006 0.011156 0.000828
v -0.030006 0.011156 0.000828
v -0.030124 0.010865 0.000835
v -0.029704 0.013442 0.001984
v -0.029611 0.013914 0.004407
v -0.029380 0.014504 0.006327
v -0.029423 0.014400 0.005457
v -0.029481 0.014256 0.005765
v -0.029423 0.014400 0.005457
v -0.029481 0.014236 0.005144
v -0.029450 0.014314 0.004832
v -0.029117 0.015070 0.006612
v -0.016690 0.001526 0.004842
v -0.013970 0.027356 0.000208
v -0.014012 0.026515 0.000614
v -0.010916 0.027493 0.001351
v -0.016402 0.029317 0.001996
v -0.014775 0.029446 0.000642
v -0.003050 0.020220 0.005314
v -0.027225 0.005422 0.005356
v -0.029333 0.011620 0.000336
v -0.027675 0.010568 0.000132
v -0.026756 0.008180 0.004582
v -0.026782 0.009393 0.001282
v -0.026509 0.019811 0.011103
v -0.026426 0.019928 0.011392
v -0.026523 0.019788 0.011645
v -0.024966 0.021937 0.010364
v -0.029969 0.012159 0.001327
v -0.029789 0.012141 0.000975
v -0.029548 0.014080 0.003834
v -0.007099 0.028983 0.005735
v -0.017790 0.028549 0.002868
v -0.014973 0.028861 0.000329
v -0.005121 0.026473 0.005664
v -0.024339 0.006206 0.005083
v -0.027327 0.005894 0.004970
v -0.026664 0.011190 0.000677
v -0.027237 0.006454 0.004645
v -0.027002 0.006940 0.004608
v -0.026509 0.019811 0.011103
v -0.026520 0.019793 0.010767
v -0.026705 0.019526 0.011033
v -0.029896 0.012525 0.001485
v -0.029789 0.012141 0.000975
v -0.029548 0.014080 0.003834
v -0.029611 0.013914 0.004407
v -0.029298 0.014725 0.007440
v -0.008620 0.028486 0.005486
v -0.007551 0.028699 0.005769
v -0.014366 0.027849 0.000099
v -0.014963 0.029215 0.000536
v -0.000745 0.011750 0.005021
v -0.026881 0.006888 0.004891
v -0.026698 0.019537 0.010333
v -0.026520 0.019793 0.010767
v -0.026523 0.019794 0.010420
v -0.026523 0.019794 0.010420
v -0.029420 0.012591 0.000666
v -0.029896 0.012525 0.001485
v -0.029798 0.012881 0.001564
v -0.029798 0.012881 0.001564
v -0.029559 0.013969 0.002748
v -0.011316 0.027523 0.005491
v -0.009840 0.027614 0.004082
v -0.008068 0.028485 0.005883
v -0.010828 0.027069 0.003051
v -0.014775 0.029446 0.000642
v -0.014963 0.029215 0.000536
v -0.026359 0.006942 0.005217
v -0.026537 0.009814 0.005124
v -0.026406 0.010083 0.001728
v -0.026239 0.010064 0.002537
v -0.026698 0.019537 0.010333
v -0.026770 0.019440 0.009963
v -0.026318 0.020110 0.009427
v -0.029674 0.013093 0.001393
v -0.029674 0.013093 0.001393
v -0.029583 0.013850 0.002418
v -0.029583 0.013850 0.002418
v -0.029435 0.014244 0.002596
v -0.029704 0.013442 0.001984
v -0.029435 0.014244 0.002596
v -0.028211 0.016883 0.002815
v -0.009120 0.027741 0.005916
v -0.017526 0.028153 0.000955
v -0.015942 0.028807 0.000661
v -0.015356 0.028866 0.000443
v -0.015356 0.028866 0.000443
v -0.001267 0.016035 0.005154
v -0.025652 0.006891 0.005283
v -0.026666 0.007432 0.004935
v -0.026520 0.019810 0.009451
v -0.026488 0.019820 0.007161
v -0.029559 0.013969 0.002748
v -0.009058 0.028107 0.005870
v -0.008917 0.028334 0.005684
v -0.010417 0.027767 0.005529
v -0.011962 0.026686 0.002339
v -0.015670 0.028764 0.000487
v -0.015670 0.028764 0.000487
v -0.025796 0.012904 0.000919
v -0.027521 0.012077 0.000001
v -0.026509 0.008718 0.005253
v -0.026371 0.008487 0.005351
v -0.026520 0.019810 0.009451
v -0.011695 0.004622 0.004827
v -0.011488 0.026859 0.003782
v -0.016061 0.028519 0.000497
v -0.017079 0.028248 0.000733
v -0.016061 0.028519 0.000497
v -0.015942 0.028807 0.000661
v -0.028118 0.013039 0.000022
v -0.026207 0.010650 0.004303
v -0.026318 0.020110 0.009427
v -0.026225 0.020241 0.008272
v -0.025992 0.020569 0.009002
v -0.028217 0.014202 0.000266
v -0.029129 0.013896 0.000945
v -0.028600 0.015763 0.001572
v -0.021090 0.025965 0.002516
v -0.010374 0.027620 0.005770
v -0.012963 0.026527 0.001307
v -0.014757 0.026637 0.000307
v -0.016691 0.027445 0.000159
v -0.026538 0.012465 0.000371
v -0.025538 0.012026 0.003121
v -0.026378 0.020011 0.007722
v -0.025992 0.020569 0.009002
v -0.026625 0.019619 0.003441
v -0.008161 0.023621 0.005454
v -0.011896 0.024859 0.005612
v -0.014276 0.025891 0.001069
v -0.017079 0.028248 0.000733
v -0.023679 0.010494 0.005153
v -0.026708 0.014174 0.000030
v -0.026254 0.009315 0.005519
v -0.026225 0.020241 0.008272
v -0.026332 0.020064 0.007318
v -0.026378 0.020011 0.007722
v -0.026332 0.020064 0.007318
v -0.028628 0.014472 0.000628
v -0.019213 0.004805 0.004929
v -0.010574 0.027361 0.005839
v -0.014159 0.025519 0.001940
v -0.012572 0.026191 0.003410
v -0.019706 0.027018 0.001995
v -0.017791 0.027771 0.000767
v -0.018099 0.027250 0.000491
v -0.017791 0.027771 0.000767
v -0.016502 0.026946 0.000070
v -0.025496 0.012672 0.001628
v -0.026054 0.014424 0.000166
v -0.026390 0.009932 0.005306
v -0.026264 0.010331 0.004896
v -0.025364 0.012635 0.002199
v -0.025936 0.020631 0.006295
v -0.026488 0.019820 0.007161
v -0.025936 0.020631 0.006295
v -0.026033 0.020487 0.005734
v -0.011463 0.027447 0.005741
v -0.013837 0.025481 0.003013
v -0.025507 0.009880 0.005386
v -0.025867 0.010133 0.005329
v -0.026038 0.010411 0.005192
v -0.025298 0.012896 0.004550
v -0.027151 0.016023 0.000165
v -0.027917 0.017153 0.001702
v -0.012257 0.027081 0.005366
v -0.011919 0.027138 0.005795
v -0.012013 0.026842 0.005874
v -0.014828 0.025237 0.004374
v -0.016964 0.025750 0.000117
v -0.019880 0.026518 0.001117
v -0.018350 0.027326 0.000701
v -0.018099 0.027250 0.000491
v -0.025953 0.011119 0.005322
v -0.025816 0.011548 0.005313
v -0.024759 0.013798 0.002954
v -0.025300 0.021447 0.003748
v -0.012209 0.027108 0.005675
v -0.018735 0.026041 0.000184
v -0.025142 0.015675 0.000306
v -0.025733 0.011275 0.005482
v -0.025888 0.020694 0.005993
v -0.025888 0.020694 0.005993
v -0.027672 0.016408 0.000619
v -0.027450 0.017443 0.001061
v -0.026980 0.018836 0.001872
v -0.012661 0.026706 0.005338
v -0.012527 0.026632 0.005728
v -0.015614 0.024536 0.002120
v -0.014928 0.024980 0.003835
v -0.024152 0.015471 0.001566
v -0.024281 0.016213 0.000762
v -0.025405 0.011079 0.005513
v -0.025218 0.012638 0.005225
v -0.025828 0.020761 0.005367
v -0.026033 0.020487 0.005734
v -0.012812 0.026564 0.005660
v -0.016817 0.024295 0.000975
v -0.016590 0.024751 0.000673
v -0.006533 0.017698 0.005192
v -0.020000 0.008772 0.005000
v -0.024991 0.012004 0.005463
v -0.025347 0.011983 0.005383
v -0.024677 0.014519 0.004859
v -0.025828 0.020761 0.005367
v -0.025700 0.020928 0.004802
v -0.026284 0.017328 0.000129
v -0.027314 0.016583 0.000401
v -0.012706 0.026320 0.005794
v -0.013389 0.026541 0.005742
v -0.013071 0.026400 0.005821
v -0.013596 0.026466 0.005475
v -0.013879 0.026357 0.005525
v -0.019751 0.026107 0.000643
v -0.018350 0.027326 0.000701
v -0.019751 0.026107 0.000643
v -0.020842 0.025601 0.001003
v -0.024558 0.017982 0.000058
v -0.024995 0.012785 0.005439
v -0.025843 0.020721 0.004611
v -0.013365 0.026282 0.005873
v -0.013389 0.026541 0.005742
v -0.020041 0.026069 0.000786
v -0.020353 0.025985 0.000948
v -0.008846 0.009816 0.004909
v -0.020004 0.010261 0.005009
v -0.025341 0.017612 -0.000001
v -0.024627 0.013986 0.005606
v -0.025700 0.020928 0.004802
v -0.025481 0.021195 0.004314
v -0.025843 0.020721 0.004611
v -0.026035 0.020158 0.001648
v -0.026327 0.019091 0.000879
v -0.013672 0.026470 0.005784
v -0.013694 0.026197 0.005912
v -0.013672 0.026470 0.005784
v -0.013672 0.026470 0.005784
v -0.014616 0.025778 0.005435
v -0.015964 0.024361 0.004226
v -0.020225 0.025823 0.000682
v -0.020225 0.025823 0.000682
v -0.020041 0.026069 0.000786
v -0.020353 0.025985 0.000948
v -0.020842 0.025601 0.001003
v -0.024889 0.014021 0.005363
v -0.024305 0.014564 0.003281
v -0.024411 0.014289 0.005609
v -0.025481 0.021195 0.004314
v -0.025639 0.021001 0.003337
v -0.023074 0.023980 0.002260
v -0.022572 0.024147 0.001321
v -0.013935 0.026319 0.005812
v -0.013694 0.026197 0.005912
v -0.014089 0.026064 0.005798
v -0.013935 0.026319 0.005812
v -0.017200 0.023337 0.002601
v -0.017721 0.023189 0.001588
v -0.020772 0.025371 0.000721
v -0.018369 0.024526 0.000142
v -0.018976 0.023271 0.000418
v -0.025994 0.018899 0.000471
v -0.025366 0.021168 0.001943
v -0.014587 0.025336 0.005778
v -0.014485 0.025671 0.005690
v -0.014802 0.025621 0.005747
v -0.015771 0.025239 0.005577
v -0.020772 0.025371 0.000721
v -0.020985 0.025081 0.000670
v -0.020985 0.025081 0.000670
v -0.011388 0.020093 0.005265
v -0.023024 0.016905 0.003587
v -0.023506 0.016538 0.001628
v -0.021852 0.012371 0.005103
v -0.024719 0.014291 0.005471
v -0.025300 0.021447 0.003748
v -0.025448 0.021236 0.003185
v -0.016742 0.023900 0.004152
v -0.015134 0.025615 0.005791
v -0.015134 0.025615 0.005791
v -0.021276 0.025063 0.000870
v -0.019572 0.021929 0.000946
v -0.023953 0.014707 0.005488
v -0.025448 0.021236 0.003185
v -0.025439 0.021241 0.002828
v -0.025639 0.021001 0.003337
v -0.025174 0.021291 0.001669
v -0.015316 0.025371 0.005896
v -0.021978 0.024267 0.000761
v -0.021276 0.025063 0.000870
v -0.021844 0.023347 0.000217
v -0.021785 0.022159 0.000032
v -0.017937 0.023358 0.001013
v -0.024132 0.015025 0.005418
v -0.024200 0.015263 0.005155
v -0.025439 0.021241 0.002828
v -0.025451 0.021197 0.002478
v -0.024889 0.021782 0.001919
v -0.025451 0.021197 0.002478
v -0.015873 0.025095 0.005852
v -0.021978 0.024267 0.000761
v -0.022410 0.017884 0.002159
v -0.023979 0.017586 0.000349
v -0.023773 0.016161 0.005179
v -0.023486 0.015464 0.005602
v -0.025276 0.021373 0.002218
v -0.025276 0.021373 0.002218
v -0.024954 0.020908 0.000788
v -0.016110 0.025040 0.005724
v -0.015081 0.024419 0.005745
v -0.016342 0.024825 0.005745
v -0.016989 0.024387 0.005726
v -0.016110 0.025040 0.005724
v -0.016277 0.024583 0.005874
v -0.017178 0.010800 0.004972
v -0.022916 0.017828 0.001108
v -0.023850 0.015900 0.005432
v -0.025103 0.021500 0.001932
v -0.025366 0.021168 0.001943
v -0.023634 0.021493 0.000242
v -0.025174 0.021291 0.001669
v -0.022703 0.023907 0.001196
v -0.016067 0.022968 0.005550
v -0.019329 0.021334 0.002749
v -0.016636 0.024571 0.005795
v -0.020593 0.021650 0.000384
v -0.021444 0.021808 0.000089
v -0.023836 0.015595 0.005602
v -0.024889 0.021782 0.001919
v -0.025103 0.021500 0.001932
v -0.024728 0.021875 0.001649
v -0.022780 0.021709 0.000069
v -0.018080 0.023042 0.004849
v -0.018197 0.022429 0.003236
v -0.017581 0.023793 0.005475
v -0.016800 0.024315 0.005887
v -0.016636 0.024571 0.005795
v -0.022186 0.020140 0.000313
v -0.018953 0.012034 0.004998
v -0.022813 0.017544 0.004509
v -0.022959 0.017330 0.005111
v -0.023762 0.020831 0.000097
v -0.023759 0.022039 0.000565
v -0.023424 0.022971 0.000992
v -0.023818 0.022741 0.001298
v -0.023130 0.023470 0.001249
v -0.024728 0.021875 0.001649
v -0.017429 0.023926 0.005705
v -0.017131 0.024108 0.005885
v -0.017244 0.023804 0.005890
v -0.022703 0.023907 0.001196
v -0.023130 0.023470 0.001249
v -0.021236 0.019894 0.001179
v -0.021504 0.020074 0.000740
v -0.018579 0.011248 0.005050
v -0.022952 0.016838 0.005519
v -0.022940 0.017135 0.005368
v -0.023818 0.022741 0.001298
v -0.023424 0.022971 0.000992
v -0.017910 0.023252 0.005443
v -0.019907 0.020813 0.003981
v -0.020100 0.020712 0.001909
v -0.017897 0.022937 0.005676
v -0.018090 0.015283 0.005074
v -0.022335 0.018399 0.005408
v -0.021979 0.017326 0.005592
v -0.018709 0.022349 0.005658
v -0.021478 0.019006 0.003795
v -0.022338 0.017493 0.005579
v -0.018979 0.022222 0.005501
v -0.017827 0.022262 0.005750
v -0.021549 0.019025 0.002175
v -0.019350 0.021925 0.005248
v -0.018860 0.022027 0.005712
v -0.019690 0.019499 0.005486
v -0.021820 0.019328 0.005569
v -0.022206 0.018486 0.005715
v -0.020709 0.016920 0.005339
v -0.014891 0.015867 0.005077
v -0.019825 0.021018 0.005771
v -0.021967 0.019090 0.005708
v -0.022001 0.018240 0.005768
v -0.021983 0.018754 0.005805
v -0.022206 0.018486 0.005715
v -0.020953 0.019498 0.005766
v -0.020347 0.020887 0.005333
v -0.021668 0.019261 0.005816
v -0.017209 0.018064 0.005197
v -0.020333 0.020812 0.005690
v -0.021570 0.019509 0.005683
v -0.021139 0.019892 0.005410
v -0.020538 0.020282 0.005710
v -0.021001 0.019823 0.005695
f 2839 2822 2803
f 6189 3282 6162
f 2715 2591 2590
f 2340 2310 2179
f 3264 2880 2956
f 6716 7134 6937
f 2723 2803 2822
f 838 882 836
f 3826 3867 3728
f 2723 2785 2838
f 6335 3747 3651
f 3681 3728 3704
f 3702 3701 3683
f 2914 2838 2860
f 2960 2903 2901
f 2655 2616 2723
f 3606 3630 3704
f 2903 2880 2784
f 5635 3044 3116
f 6417 6414 6356
f 6335 6189 6506
f 2986 2901 2862
f 6134 6098 6136
f 5858 5734 5635
f 6716 7277 7134
f 5355 2755 5585
f 4021 4022 3986
f 6757 6595 6832
f 3995 3968 3965
f 3606 3702 3418
f 6420 3747 6335
f 3749 3913 2595
f 710 3913 628
f 3422 3386 3467
f 6189 3548 3488
f 6189 3488 3282
f 6335 3548 6189
f 3754 6554 3828
f 6591 3915 3871
f 3914 3801 3899
f 6828 6813 6774
f 6591 3871 6554
f 4212 4085 4054
f 1938 2111 2000
f 3418 3683 3701
f 3702 3683 3418
f 3357 3264 3078
f 6335 3651 3548
f 6554 3871 3828
f 4144 4032 4149
f 710 2299 2595
f 3749 2595 3418
f 3078 2880 2903
f 3681 3651 3747
f 3681 3704 3630
f 3871 3915 3828
f 6420 6335 6506
f 6907 6720 6939
f 3606 3704 3702
f 3754 3828 3915
f 3989 4054 3938
f 4149 7016 6917
f 4552 4551 4467
f 2550 2508 2507
f 3934 3976 3922
f 2913 2855 2875
f 2875 2742 2715
f 3977 3948 3978
f 4169 4021 7067
f 7096 6960 6832
f 7293 7218 7332
f 4149 6687 7016
f 7029 4019 4051
f 7062 7065 6865
f 7247 7193 7194
f 6932 6986 7042
f 908 1132 1033
f 4134 4085 4132
f 714 656 716
f 2742 2634 2591
f 3499 3500 3537
f 4648 4697 4642
f 6167 6198 6119
f 5635 3002 3004
f 5931 5857 5834
f 5355 5585 5734
f 4026 4054 4130
f 3212 3116 3193
f 2978 2856 2855
f 2855 2856 2755
f 4263 4378 4354
f 2605 2591 2634
f 6204 6407 6198
f 5059 5014 5079
f 2744 2634 2755
f 5057 5353 4804
f 744 1132 908
f 2442 2157 2636
f 3779 3820 3674
f 3674 3478 3601
f 4394 4368 4366
f 5208 2605 5355
f 1738 1830 1864
f 5449 5416 5558
f 1799 1631 1696
f 1490 1526 1633
f 2550 2507 2607
f 3053 2980 3043
f 2742 2855 2755
f 2742 2755 2634
f 3093 3116 3004
f 3370 3330 3436
f 5355 2744 2755
f 5585 2755 2856
f 4827 4828 4806
f 5445 5011 5208
f 5146 5073 5104
f 5355 2605 2634
f 5355 2634 2744
f 5653 5558 5416
f 2777 2674 2869
f 3736 3771 3718
f 3093 3004 2978
f 2978 3004 2856
f 3001 2913 2875
f 2817 2896 2869
f 2817 3538 2896
f 4882 4749 4958
f 2608 2607 2715
f 2715 2607 2674
f 2366 2508 2510
f 2339 2179 2233
f 2418 5011 2310
f 2507 2421 2157
f 2817 2869 2674
f 2896 2979 3194
f 3093 3163 3193
f 3093 3193 3116
f 3922 3901 3876
f 3874 3877 3902
f 3693 3790 3768
f 3279 3193 3163
f 3478 3538 3601
f 6121 6124 6169
f 5931 5834 5899
f 6704 6735 6610
f 3693 3641 3499
f 6017 6142 6120
f 6119 6198 6218
f 6447 3946 6686
f 6447 6610 3829
f 6167 3212 3395
f 3137 2896 3194
f 3478 3194 2979
f 6447 3902 3919
f 3874 3902 3829
f 3771 3845 3790
f 3771 3790 3719
f 3771 3719 3721
f 3674 3623 3478
f 6704 6825 6843
f 3874 3829 3790
f 6408 3768 3790
f 3332 3500 3499
f 3874 3790 3845
f 3874 3845 3877
f 6704 6610 6447
f 3962 3933 3984
f 6265 6344 3641
f 6265 3641 3768
f 6408 3829 6610
f 6932 7042 7004
f 3982 3983 3981
f 4018 4013 3983
f 4019 4020 4051
f 3901 3902 3877
f 4409 4366 4363
f 4318 4220 4319
f 871 927 844
f 5857 5634 5834
f 5353 5550 5549
f 5353 5549 5416
f 2026 1892 1960
f 4586 4642 4750
f 4280 4306 1233
f 4580 4419 4744
f 4768 4847 4800
f 23 53 3958
f 5586 5811 5448
f 4693 1652 1797
f 4429 4448 4541
f 4467 4466 4396
f 4807 4554 4776
f 4648 4807 4780
f 4531 4750 4585
f 1608 1631 1717
f 5586 5712 5739
f 4775 4553 4693
f 4563 4424 4389
f 1304 4419 1233
f 4807 4700 4554
f 4807 4779 4700
f 2000 1864 1830
f 2487 2418 2340
f 6447 3919 3946
f 6078 3212 6167
f 5739 5740 5855
f 4922 4920 4955
f 5869 5894 6011
f 4975 4898 4768
f 4922 5060 5012
f 4920 4828 4955
f 4877 4920 4922
f 4872 4877 4780
f 4877 4922 4958
f 4872 4920 4877
f 4804 4869 4418
f 5705 5834 5634
f 5705 5734 5834
f 5705 5355 5734
f 6408 6265 3768
f 5587 5615 5712
f 5705 5634 5208
f 5705 5208 5355
f 4693 1797 4370
f 1960 1797 1864
f 4693 4553 1652
f 5586 5739 5811
f 5163 5116 5280
f 5014 4981 5116
f 2045 2000 2111
f 5615 5558 5653
f 4217 4346 4349
f 48 23 30
f 4320 4260 4158
f 506 3957 3973
f 4642 4587 4619
f 4160 4304 4307
f 4800 4799 4731
f 5566 6716 6163
f 497 510 506
f 4532 4619 4587
f 4487 4531 4583
f 4304 4340 4307
f 4307 4340 4341
f 4354 4378 4364
f 4263 4216 3958
f 4264 4307 4341
f 101 102 143
f 235 180 215
f 4453 4532 4587
f 4453 4619 4532
f 656 703 588
f 741 716 642
f 4460 5013 5892
f 590 546 589
f 143 122 74
f 4160 3959 4065
f 4158 4260 3957
f 3973 3957 4260
f 4258 4374 4353
f 4259 4065 3816
f 4259 3816 4258
f 233 3959 3817
f 4387 4423 4452
f 4487 4522 4452
f 4388 4453 4375
f 4424 4619 4453
f 4388 4375 4320
f 4648 4563 4700
f 4158 3957 588
f 4158 588 703
f 4320 4374 4260
f 4373 4483 4398
f 4258 4260 4374
f 257 302 370
f 4425 4282 4339
f 671 563 409
f 4425 4306 4491
f 520 510 507
f 520 507 423
f 4281 737 3857
f 3857 844 3664
f 1529 1608 1494
f 356 3973 3816
f 563 520 423
f 952 953 871
f 1117 1077 1014
f 794 737 760
f 4281 4320 4158
f 4281 4389 4388
f 4281 3857 4389
f 4282 844 927
f 4425 4491 4389
f 1340 1233 1209
f 4744 4806 4776
f 1117 1014 1059
f 4648 4780 4697
f 4872 4780 4807
f 4872 4828 4920
f 4807 4776 4806
f 4750 4780 4877
f 4580 4554 4306
f 4306 4554 4491
f 4425 4339 4306
f 4491 4563 4389
f 4425 4389 4282
f 4882 4958 5013
f 4807 4806 4828
f 4648 4779 4807
f 4580 4306 4419
f 4282 3664 844
f 1233 4306 1062
f 1233 1062 1135
f 4554 4700 4563
f 4554 4563 4491
f 4744 4827 4806
f 4339 1062 4306
f 4692 4827 4744
f 4775 4692 4553
f 4580 4744 4776
f 4580 4776 4554
f 4692 4744 4419
f 4692 4419 4553
f 1304 1233 1341
f 1555 1494 1608
f 4280 1233 4419
f 4280 4419 4306
f 2636 628 3601
f 3601 628 3913
f 2442 2507 2157
f 2636 2157 628
f 2896 3538 2979
f 2875 2777 2869
f 2795 2742 2875
f 2715 2674 2717
f 3671 3623 3715
f 3331 3279 3330
f 3194 3330 3279
f 3194 3279 3163
f 3478 3436 3330
f 3370 3331 3330
f 3830 3771 3843
f 3671 3717 3693
f 3476 3478 3537
f 3370 3436 3435
f 3478 3330 3194
f 3478 2979 3538
f 3537 3478 3623
f 3332 3331 3370
f 3717 3721 3719
f 3580 3671 3693
f 3822 3938 3912
f 3861 3601 3913
f 3717 3715 3718
f 3715 3623 3718
f 3820 3736 3718
f 3822 3861 3938
f 3435 3436 3537
f 3671 3715 3717
f 3717 3718 3771
f 3717 3771 3721
f 3693 3768 3641
f 3395 3332 3499
f 3476 3537 3436
f 3476 3436 3478
f 3435 3537 3500
f 3332 3279 3331
f 3332 3435 3500
f 3332 3370 3435
f 3876 3830 3875
f 3876 3875 3903
f 3843 3771 3820
f 3820 3771 3736
f 3674 3820 3718
f 3674 3718 3623
f 3843 3820 3903
f 3830 3845 3771
f 3876 3877 3830
f 3830 3877 3845
f 3875 3830 3843
f 3875 3843 3903
f 3948 3922 3976
f 3876 3901 3877
f 3922 3903 3932
f 3922 3876 3903
f 2212 2301 2213
f 2211 2450 2301
f 2616 2595 2403
f 4895 839 4815
f 2595 2784 2880
f 3749 3418 3701
f 3563 3606 3543
f 3357 3418 3264
f 5824 5461 5823
f 2986 3079 2901
f 2492 2450 2451
f 5146 5323 5539
f 3179 3080 2987
f 2839 2901 2822
f 4896 4815 4637
f 1871 1725 1850
f 3325 3422 3357
f 3217 3325 3078
f 2901 2903 2822
f 3078 2960 3079
f 2822 2903 2784
f 2616 2492 2615
f 2914 2986 2838
f 2986 2862 2838
f 2960 2901 3079
f 3078 2903 2960
f 2839 2803 2838
f 1849 1869 1870
f 5975 6132 5821
f 5863 5975 5669
f 2986 2987 3080
f 2986 3080 3079
f 6132 5848 5821
f 6228 6357 6136
f 3282 3234 6162
f 5848 3179 5821
f 5848 3234 3179
f 3179 2987 3121
f 3282 3179 3234
f 3398 3466 3467
f 6500 6506 6414
f 3488 3548 3448
f 3282 3488 3448
f 3398 3448 3466
f 6672 6420 6553
f 6673 6554 6420
f 3944 6813 4058
f 6813 6591 6673
f 1593 882 4676
f 5146 4846 5073
f 4637 839 790
f 2211 2280 2450
f 5104 5052 5051
f 2450 2279 2301
f 5052 4996 5051
f 4637 790 4443
f 2570 2493 2658
f 5146 5539 5520
f 2723 2570 2785
f 2031 2067 1869
f 1867 2279 2138
f 710 2595 3913
f 1867 2213 2279
f 4637 4606 4638
f 1654 882 1593
f 4541 4448 4450
f 2451 2570 2615
f 5146 5104 5323
f 5190 5515 5027
f 2279 2213 2301
f 2279 2299 2138
f 2403 2299 2279
f 2212 2213 2069
f 2211 2301 2212
f 2406 2375 5027
f 2493 2657 2658
f 2492 2451 2615
f 5461 2658 2657
f 2067 2069 1985
f 2211 2162 2095
f 5824 5863 5669
f 4997 4681 4799
f 2406 5027 2493
f 4684 4575 4639
f 2746 2838 2785
f 2658 2786 2746
f 2570 2658 2785
f 5672 5566 5771
f 4896 4637 4681
f 5669 2914 2860
f 2746 2786 2860
f 2746 2860 2838
f 2658 2746 2785
f 2723 2822 2784
f 5263 5201 5108
f 5190 5027 2375
f 5669 2987 2914
f 5461 2786 2658
f 4996 4895 4997
f 1806 1807 1657
f 4373 4398 4429
f 4972 4768 4854
f 5515 2493 5027
f 2406 2280 2375
f 4317 4064 4367
f 611 4317 4219
f 727 4351 4503
f 494 445 462
f 446 4291 4240
f 4296 4364 4217
f 4160 4065 4304
f 4411 4381 4364
f 571 503 557
f 4350 4319 4291
f 4346 4363 4349
f 4381 4346 4364
f 4217 4349 4236
f 572 4317 611
f 4216 4296 4217
f 4263 4355 4378
f 4263 4264 4355
f 4217 4364 4346
f 4216 3974 3958
f 4160 4307 4264
f 4355 4264 4341
f 4373 4429 4376
f 462 461 446
f 4008 4263 3958
f 4216 4217 3974
f 4296 4354 4364
f 4263 4296 4216
f 4263 4354 4296
f 4008 4264 4263
f 4008 3817 4264
f 122 4008 74
f 122 3817 4008
f 180 179 158
f 4190 4217 4236
f 353 3974 398
f 399 4236 4097
f 505 4318 4064
f 462 446 515
f 5739 5712 5740
f 399 4097 461
f 727 4443 790
f 4731 4609 4502
f 4351 4395 4502
f 4317 4367 4444
f 4551 4466 4467
f 1681 1346 1563
f 4443 4500 4606
f 492 496 515
f 4500 4503 4609
f 789 1346 1377
f 5121 5658 5013
f 6382 6246 6401
f 6132 6162 5848
f 5056 4976 5108
f 4318 4319 4369
f 572 505 4064
f 4291 4319 4220
f 4291 4220 4240
f 4551 4639 4574
f 4097 4236 4316
f 4367 4318 4369
f 4367 4064 4318
f 4461 4460 4434
f 4395 4444 4501
f 4395 4317 4444
f 494 515 496
f 399 461 398
f 4395 4501 4502
f 4461 4434 4391
f 4585 4958 4749
f 4219 4317 4395
f 4466 4501 4444
f 4393 4503 4500
f 4606 4500 4638
f 727 4503 4393
f 4351 4219 4395
f 4503 4351 4502
f 4503 4502 4609
f 4638 4500 4609
f 4731 4638 4609
f 838 836 767
f 505 4220 4318
f 5863 5823 6062
f 4637 4638 4681
f 5946 6136 6062
f 5515 5717 5461
f 4676 882 4895
f 838 839 882
f 711 628 652
f 727 4500 4443
f 2723 2615 2570
f 2723 2616 2615
f 2451 2280 2406
f 2406 2493 2570
f 2451 2450 2280
f 2492 2279 2450
f 2471 2279 2492
f 2451 2406 2570
f 2616 2471 2492
f 2403 2279 2471
f 2616 2403 2471
f 2403 2595 2299
f 2723 2838 2803
f 2655 2595 2616
f 5669 5975 5821
f 2914 2987 2986
f 3900 3868 3826
f 3702 3749 3701
f 3563 3543 3467
f 3398 3467 3386
f 3754 3915 3826
f 3754 3826 3728
f 4000 3968 3914
f 3543 3606 3485
f 3826 3868 3867
f 3898 3966 3914
f 3753 3704 3728
f 3752 3753 3801
f 3752 3702 3753
f 3702 3704 3753
f 3898 3914 3899
f 3898 3899 3842
f 3867 3801 3753
f 3867 3753 3728
f 3752 3801 3749
f 3752 3749 3702
f 3940 3898 3900
f 3914 3749 3801
f 4024 4028 4053
f 3966 4000 3914
f 3842 3899 3801
f 3842 3801 3867
f 4028 4130 4134
f 3940 3965 3968
f 3941 3913 3914
f 3914 3913 3749
f 3940 3966 3898
f 3900 3895 3868
f 3898 3842 3867
f 3898 3867 3868
f 3944 3995 3965
f 3995 3914 3968
f 3900 3898 3895
f 3898 3868 3895
f 3940 4000 3966
f 3940 3968 4000
f 6673 6591 6554
f 3944 6591 6813
f 3937 3912 4026
f 4136 4177 6975
f 4147 4213 4185
f 4144 4057 3995
f 4056 3913 3941
f 3995 3941 3914
f 4084 4132 4177
f 3937 4026 3988
f 4212 4054 4088
f 4185 4088 4143
f 4232 6975 4177
f 4137 4082 4084
f 4179 4085 4213
f 4144 3995 4032
f 4032 3944 4058
f 4032 3995 3944
f 4056 3995 4057
f 4056 3941 3995
f 4088 4054 4056
f 4179 4177 4132
f 3937 3822 3912
f 4026 4130 3988
f 4088 4056 4057
f 4088 4057 4143
f 4130 4054 4085
f 4130 4085 4134
f 3807 3861 3821
f 3938 4026 3912
f 3938 4054 4026
f 3989 4056 4054
f 3911 3932 3890
f 3861 3913 3938
f 3989 3938 3913
f 3989 3913 4056
f 3911 3890 3779
f 3911 3779 3807
f 3730 3861 3807
f 3602 3674 3601
f 3779 3730 3807
f 3779 3601 3730
f 3779 3602 3601
f 3779 3674 3602
f 3779 3903 3820
f 3730 3601 3861
f 3932 3903 3779
f 3982 3962 4020
f 3933 3934 3932
f 3934 3922 3932
f 3890 3932 3779
f 3911 3933 3932
f 4114 4175 4113
f 4175 4053 4123
f 3946 3919 3902
f 3948 3901 3922
f 3911 3963 3987
f 3911 3984 3933
f 4175 4123 4137
f 3987 4020 3984
f 3963 3821 3822
f 3822 3821 3861
f 3963 3822 3987
f 3936 3984 3911
f 3911 3821 3963
f 3911 3807 3821
f 7261 6975 7236
f 4022 3985 3986
f 4024 3988 4028
f 4028 3988 4130
f 4028 4134 4084
f 4084 4134 4132
f 7029 6865 4018
f 4028 4084 4082
f 4127 4113 4175
f 3937 3987 3822
f 4053 4028 4025
f 4137 4084 4136
f 3978 3976 3934
f 3985 4024 3986
f 4053 4025 4123
f 4025 4028 4082
f 4137 4025 4082
f 4136 4084 4177
f 4024 4053 3986
f 3985 3987 3964
f 3985 3964 4024
f 3964 3987 3937
f 4024 3964 3937
f 4024 3937 3988
f 3982 3978 3934
f 3985 4020 3987
f 4021 3986 4053
f 4114 4113 4021
f 7281 7261 7236
f 7281 7271 7261
f 4022 4051 4020
f 4022 4020 3985
f 3982 3934 3933
f 3981 4013 4014
f 3981 3977 3978
f 3978 3948 3976
f 3982 4019 3983
f 3982 4020 4019
f 3946 3901 3948
f 3946 3902 3901
f 4010 6686 3946
f 6447 3829 3902
f 3981 4014 4010
f 4014 6686 4010
f 3981 3948 3977
f 4014 4013 6686
f 3981 4010 3946
f 3981 3946 3948
f 3982 3933 3962
f 6865 6686 4013
f 3982 3981 3978
f 3983 4013 3981
f 4018 3983 4019
f 6992 7067 7029
f 5428 3121 2987
f 5821 3179 3121
f 6243 6419 6361
f 6419 6358 6382
f 5976 6062 6136
f 5998 5997 6136
f 6228 6136 6190
f 6358 6357 6228
f 6163 6246 6190
f 4575 4574 4639
f 6419 6357 6358
f 6358 6228 6190
f 6098 6190 6136
f 6134 6032 6098
f 6134 6136 5997
f 6134 5997 6032
f 5863 6062 5975
f 5946 6062 5823
f 5976 6136 6357
f 6334 6356 6162
f 6414 6506 6189
f 6417 6465 6500
f 6417 6500 6414
f 7157 7130 7069
f 6553 6506 6500
f 7271 4113 4127
f 6813 6687 4058
f 3944 3915 6591
f 4212 4088 4185
f 7344 7343 7237
f 6939 6896 6895
f 7130 7104 6917
f 7344 7293 7343
f 7293 7332 7343
f 4127 4137 4136
f 7130 6917 7016
f 7327 7247 7305
f 4147 4149 4213
f 4127 4175 4137
f 4137 4123 4025
f 7271 4127 4136
f 7113 7271 7284
f 6356 6414 6189
f 6356 6189 6162
f 4186 6917 4213
f 6501 6246 6415
f 6716 6415 6246
f 6419 6382 6401
f 6382 6358 6190
f 6382 6190 6246
f 7132 7158 7117
f 6243 5976 6357
f 7344 7237 7336
f 7328 7293 7344
f 7170 7125 7102
f 4210 4179 4213
f 7248 7332 7218
f 7172 7218 7219
f 7104 7236 6975
f 4179 4132 4085
f 7237 7236 7104
f 7229 7157 7158
f 7293 7219 7218
f 7332 7237 7343
f 7132 7226 7158
f 7069 6908 6979
f 7332 7236 7237
f 7332 7314 7236
f 6789 6809 6772
f 7247 7219 7293
f 6720 6652 6809
f 7226 7229 7158
f 1563 1346 877
f 1563 877 1534
f 710 628 711
f 1657 1593 4676
f 727 4393 4500
f 4895 4896 4997
f 4815 839 4637
f 4895 4815 4896
f 769 838 767
f 769 790 838
f 790 839 838
f 4637 4443 4606
f 621 571 557
f 446 4240 4220
f 629 611 727
f 727 790 769
f 727 611 4219
f 727 4219 4351
f 461 4097 4316
f 4350 4368 4369
f 4350 4291 4316
f 4316 4349 4366
f 4316 4236 4349
f 4366 4349 4363
f 23 353 398
f 728 769 767
f 515 544 557
f 418 457 503
f 572 611 629
f 74 4008 3958
f 1618 2138 710
f 789 877 1346
f 6243 6357 6419
f 5848 6162 3234
f 5975 6062 6132
f 6334 6417 6356
f 6361 6465 6417
f 6722 6501 6716
f 6334 6162 6132
f 6334 6132 6243
f 5428 2987 5669
f 5946 5998 6136
f 6243 6132 6062
f 6243 6062 5976
f 6334 6243 6361
f 6334 6361 6417
f 6501 6401 6246
f 6630 6772 6652
f 7113 4113 7271
f 3940 3900 3944
f 7261 7271 4136
f 7261 4136 6975
f 7292 7218 7284
f 7292 7314 7248
f 7060 7045 7065
f 4021 4051 4022
f 4114 4021 4053
f 4114 4053 4175
f 7281 7284 7271
f 7170 7247 7194
f 7172 7067 7113
f 7103 7065 7064
f 7281 7236 7284
f 3940 3944 3965
f 7113 7067 4021
f 7113 4021 4113
f 3754 3681 3747
f 3754 3728 3681
f 4169 7067 4051
f 4169 4051 4021
f 6992 6866 7067
f 6825 6686 6865
f 6866 4051 6924
f 6873 7067 6924
f 6873 6924 4051
f 6873 4051 7067
f 6866 6924 7067
f 7029 4018 4019
f 6843 6825 6934
f 6865 4013 4018
f 6992 7029 4051
f 6992 4051 6866
f 6934 6825 6865
f 5899 5834 5734
f 7151 7171 7103
f 7125 7042 7102
f 6973 6843 6934
f 5931 5899 6016
f 6116 6074 6050
f 6117 6124 6121
f 6565 6587 6621
f 6204 6344 6407
f 6931 6843 6973
f 6834 6931 6932
f 6408 3790 3829
f 3962 3984 4020
f 3535 3499 3641
f 3535 3641 6344
f 3395 3193 3332
f 3332 3193 3279
f 7060 7013 6951
f 6931 6973 6986
f 7060 6934 7045
f 6585 6474 6408
f 7103 7064 7067
f 7151 7172 7171
f 6951 6934 7027
f 7065 6934 6865
f 7078 7029 7064
f 7064 7029 7067
f 7062 6865 7078
f 7078 6865 7029
f 7062 7078 7064
f 7062 7064 7065
f 7013 6986 6973
f 7060 7103 7102
f 7060 7102 7013
f 7045 6934 7065
f 6793 6857 6795
f 6621 6587 6618
f 6943 7004 7101
f 7004 7042 7125
f 6514 6473 6407
f 6260 6407 6473
f 6704 6843 6735
f 6585 6408 6610
f 6407 6474 6493
f 6474 6344 6265
f 6532 6514 6586
f 5635 5585 3002
f 6204 3535 6344
f 6407 6344 6474
f 6078 6167 6119
f 3395 3212 3193
f 6204 3395 3499
f 6204 3499 3535
f 6260 6198 6407
f 6565 6621 6595
f 6792 6878 6857
f 6746 6795 6857
f 6472 6532 6566
f 6260 6218 6198
f 3417 2595 3264
f 3264 2595 2880
f 3681 3630 3548
f 3681 3548 3651
f 3078 2956 2880
f 3281 3179 3398
f 3485 3606 3418
f 3422 3467 3543
f 3563 3630 3606
f 3563 3467 3466
f 3398 3282 3448
f 3466 3448 3548
f 3421 3485 3357
f 3398 3179 3282
f 3325 3357 3078
f 3357 3485 3418
f 3563 3466 3548
f 3563 3548 3630
f 3281 3398 3386
f 3217 3120 3232
f 3078 3264 2956
f 3120 3080 3232
f 3281 3232 3080
f 3281 3080 3179
f 3217 3422 3325
f 3120 3079 3080
f 3217 3078 3079
f 3421 3357 3422
f 3421 3422 3543
f 3421 3543 3485
f 3217 3386 3422
f 3233 3386 3217
f 3336 3281 3386
f 3217 3079 3120
f 3233 3281 3336
f 3233 3336 3386
f 3417 3264 3418
f 3417 3418 2595
f 3233 3217 3232
f 3233 3232 3281
f 3754 6420 6554
f 3754 3747 6420
f 4149 4186 4213
f 4149 6917 4186
f 4092 6687 4149
f 4092 4058 6687
f 4092 4149 4032
f 4092 4032 4058
f 4185 4143 4144
f 4182 4085 4185
f 4212 4185 4085
f 4144 4143 4057
f 4147 4185 4144
f 4147 4144 4149
f 4182 4185 4213
f 4182 4213 4085
f 4210 7104 4232
f 4232 4177 4179
f 4210 6917 7104
f 4232 7104 6975
f 4210 4213 6917
f 4210 4232 4179
f 3900 3826 3915
f 3900 3915 3944
f 7172 7113 7284
f 7172 7284 7218
f 7292 7248 7218
f 7248 7314 7332
f 7292 7284 7236
f 7292 7236 7314
f 6977 6895 6940
f 7327 7305 7276
f 7328 7305 7247
f 7328 7247 7293
f 6884 6886 6895
f 6543 6595 6620
f 7277 7213 7317
f 7327 7276 7317
f 7327 7193 7247
f 7276 7305 7328
f 7327 7317 7213
f 7327 7213 7193
f 5036 4976 4898
f 6716 7213 7277
f 7134 7277 7317
f 7108 6886 6937
f 6501 6415 6716
f 6464 6361 6419
f 6809 6826 6807
f 6590 6501 6670
f 6811 6716 6937
f 6886 6811 6937
f 6504 6464 6418
f 6519 6418 6501
f 6534 6504 6418
f 6464 6465 6361
f 6418 6464 6419
f 6418 6419 6401
f 6771 6716 6811
f 6501 6418 6401
f 6722 6670 6501
f 6504 6465 6464
f 6771 6811 6886
f 6590 6670 6631
f 6553 6420 6506
f 6630 6740 6772
f 6590 6519 6573
f 6573 6519 6501
f 6590 6573 6501
f 6590 6631 6551
f 6630 6717 6740
f 6574 6590 6551
f 6574 6551 6534
f 6534 6418 6519
f 6588 6534 6551
f 6534 6465 6504
f 6574 6534 6519
f 6574 6519 6590
f 6672 6553 6652
f 6553 6500 6652
f 6722 6716 6771
f 6869 6807 6849
f 6588 6631 6630
f 6740 6789 6772
f 6789 6826 6809
f 6849 6807 6826
f 6849 6884 6895
f 6849 6886 6884
f 6720 6809 6807
f 6809 6652 6772
f 6849 6826 6771
f 6849 6771 6886
f 6740 6826 6789
f 6740 6771 6826
f 6588 6551 6631
f 6722 6771 6740
f 6717 6722 6740
f 6717 6670 6722
f 6630 6652 6500
f 6630 6631 6717
f 6588 6465 6534
f 6717 6631 6670
f 6588 6630 6500
f 6588 6500 6465
f 6672 6673 6420
f 6812 6775 6720
f 6774 6813 6673
f 6869 6849 6895
f 6828 6687 6813
f 6720 6807 6869
f 7274 7344 7336
f 7132 7165 7226
f 6775 6672 6720
f 6720 6672 6652
f 6896 6720 6869
f 6896 6869 6895
f 6775 6774 6673
f 6775 6673 6672
f 7171 7172 7219
f 7170 7102 7171
f 7103 7171 7102
f 7060 7065 7103
f 7151 7103 7067
f 7151 7067 7172
f 7170 7194 7125
f 7101 7125 7194
f 6585 6493 6474
f 6408 6474 6265
f 6585 6610 6735
f 6619 6778 6792
f 6704 6447 6686
f 6704 6686 6825
f 6543 6620 6425
f 6746 6680 6679
f 7096 7213 6960
f 6834 6932 6877
f 6834 6843 6931
f 6932 6931 6986
f 6733 6619 6792
f 6586 6493 6585
f 6733 6792 6793
f 6733 6793 6795
f 6793 6792 6857
f 6778 6843 6834
f 6733 6795 6662
f 6778 6735 6843
f 6878 6778 6834
f 6878 6834 6877
f 6943 7096 6832
f 6792 6778 6878
f 6857 6878 6877
f 6857 6877 6932
f 6619 6585 6735
f 6619 6735 6778
f 6621 6618 6680
f 6586 6733 6662
f 6680 6795 6679
f 6943 6832 6746
f 6586 6619 6733
f 6586 6585 6619
f 6514 6493 6586
f 6514 6407 6493
f 6284 6218 6260
f 6491 6490 6510
f 5898 3116 3212
f 6680 6662 6795
f 6304 6283 6319
f 6142 6218 6284
f 6621 6680 6595
f 6532 6618 6587
f 6618 6662 6680
f 6235 6221 6261
f 6532 6586 6618
f 6618 6586 6662
f 6472 6514 6532
f 6472 6473 6514
f 6406 6284 6260
f 6406 6260 6473
f 6235 6319 6441
f 6169 6261 6219
f 6017 6218 6142
f 5898 3212 6078
f 6167 6204 6198
f 6167 3395 6204
f 4461 4429 4548
f 4460 5892 4546
f 4683 4546 5566
f 4394 4366 4409
f 4396 4369 4385
f 4350 4369 4319
f 4417 4396 4385
f 4396 4367 4369
f 4394 4385 4369
f 4394 4369 4368
f 4574 4501 4466
f 4574 4502 4501
f 4396 4466 4444
f 4396 4444 4367
f 5822 5945 5919
f 4552 4467 4417
f 4417 4416 4445
f 4416 4385 4394
f 5200 4997 4899
f 4731 4681 4638
f 5056 4945 4976
f 5566 5263 5108
f 4575 4731 4502
f 4576 4639 4551
f 4417 4385 4416
f 4445 4416 4546
f 4417 4467 4396
f 4575 4502 4574
f 4551 4574 4466
f 4468 4445 4546
f 4552 4445 4468
f 4552 4417 4445
f 4847 4943 4799
f 4943 4945 4799
f 4996 4676 4895
f 4799 4681 4731
f 4768 4898 4847
f 5951 5822 5849
f 4683 4768 4576
f 4768 4800 4684
f 4800 4731 4684
f 4684 4731 4575
f 4768 4639 4576
f 4800 4847 4799
f 4975 4972 4973
f 4893 1806 1657
f 5056 5108 4945
f 5148 5051 4996
f 4895 882 839
f 4896 4681 4997
f 4899 4997 4799
f 5037 4799 4945
f 5515 5461 2657
f 5515 2657 2493
f 5052 4676 4996
f 853 836 882
f 5672 5595 5520
f 5672 5520 5541
f 5257 5201 5259
f 5200 4899 5201
f 5037 5201 4899
f 5037 4899 4799
f 5490 5543 5539
f 5257 5200 5201
f 5822 5919 5794
f 5490 5539 5323
f 5259 4996 4997
f 5104 5051 5103
f 5892 5566 4546
f 5650 5717 5515
f 5108 5037 4945
f 5794 5770 5771
f 5794 5750 5770
f 6163 6098 5951
f 5257 5259 4997
f 5257 4997 5200
f 5948 6032 5977
f 5566 5259 5201
f 5104 5199 5326
f 5945 5950 5826
f 5148 5103 5051
f 5104 5148 5199
f 5326 5199 5325
f 5104 5103 5148
f 5325 5199 5148
f 5566 5849 5822
f 5490 5323 5326
f 5490 5326 5325
f 5073 5052 5104
f 5073 1869 5052
f 5650 5697 5717
f 2067 2162 2069
f 5189 5146 5520
f 5323 5104 5326
f 4975 4973 5036
f 5795 5717 5697
f 5650 5190 5595
f 5190 5520 5595
f 5520 5543 5541
f 6425 6620 6074
f 2051 4846 5146
f 5539 5543 5520
f 2031 5073 4846
f 2095 2031 2051
f 2051 5146 5189
f 2031 4846 2051
f 5190 5189 5520
f 5190 2375 5189
f 5750 5716 5770
f 5864 5697 5716
f 5795 5823 5461
f 5795 5461 5717
f 5918 5948 5945
f 5672 5771 5770
f 5566 5490 5325
f 5672 5770 5716
f 5650 5515 5190
f 5672 5541 5566
f 5864 5795 5697
f 5864 5823 5795
f 5946 5864 5917
f 5946 5823 5864
f 5945 5948 5950
f 5917 5864 5950
f 5794 5826 5750
f 5750 5864 5716
f 5948 5997 5917
f 5948 5977 5997
f 5946 5917 5997
f 5946 5997 5998
f 5826 5950 5864
f 5826 5864 5750
f 5948 5917 5950
f 5977 6032 5997
f 6163 6190 6098
f 5945 5826 5919
f 4972 4854 4683
f 5566 5148 4996
f 5566 5951 5849
f 5566 5794 5771
f 5566 4996 5259
f 5566 5822 5794
f 5566 5201 5263
f 5672 5716 5595
f 5794 5919 5826
f 5108 5201 5037
f 5566 5543 5490
f 5566 5541 5543
f 5918 6032 5948
f 5822 5918 5945
f 5566 5325 5148
f 5918 6098 6032
f 5951 5918 5822
f 5951 6098 5918
f 6163 6716 6246
f 5566 6163 5951
f 4768 4684 4639
f 4854 4768 4683
f 5036 5108 4976
f 4552 4468 4546
f 4976 4943 4898
f 4552 4546 4683
f 4976 4945 4943
f 4898 4943 4847
f 4552 4683 4576
f 4552 4576 4551
f 5036 5566 5108
f 4973 5566 5036
f 4516 4583 4557
f 4958 5012 5013
f 5557 5555 5559
f 5413 5559 5415
f 5013 5658 5811
f 5121 5448 5658
f 5892 6074 5566
f 5658 5448 5811
f 5896 5855 5869
f 5740 5615 5733
f 5413 5280 5449
f 5587 5712 5586
f 5413 5449 5557
f 5449 5558 5587
f 4958 4922 5012
f 4922 4955 5060
f 5121 5013 5012
f 5121 5012 5448
f 4872 4807 4828
f 4282 4389 3664
f 4487 4583 4488
f 4489 4531 4487
f 4541 4450 4516
f 4387 4453 4423
f 4429 4541 4460
f 4523 4583 4516
f 4411 4364 4378
f 4386 4353 4397
f 4585 4749 4583
f 4531 4585 4583
f 4489 4487 4423
f 4586 4750 4560
f 4750 4697 4780
f 4583 4749 4557
f 4750 4958 4585
f 4750 4877 4958
f 4642 4697 4750
f 4648 4700 4779
f 4586 4560 4587
f 4586 4587 4642
f 4483 4452 4522
f 4373 4397 4483
f 4352 4340 4304
f 4423 4487 4452
f 4487 4488 4522
f 4531 4560 4750
f 4387 4452 4397
f 4488 4583 4522
f 4387 4353 4374
f 4387 4397 4353
f 4423 4587 4560
f 4423 4453 4587
f 4258 3973 4260
f 4258 3816 3973
f 4259 4353 4338
f 4259 4258 4353
f 7165 7108 7134
f 7108 6937 7134
f 6908 6774 6812
f 6812 6774 6775
f 7165 7276 7226
f 6939 6720 6896
f 7000 6828 6908
f 6828 6774 6908
f 6907 6908 6812
f 6907 6812 6720
f 7000 7016 6828
f 6828 7016 6687
f 6979 6908 6907
f 7165 7317 7276
f 7266 7230 7244
f 7130 7016 7000
f 7117 6979 7051
f 7035 6977 7071
f 7230 7229 7244
f 7157 7069 7158
f 7069 7130 7000
f 7069 7000 6908
f 7255 7244 7226
f 7274 7266 7244
f 7226 7244 7229
f 7230 7237 7104
f 7230 7104 7130
f 6940 6895 6886
f 7230 7157 7229
f 7230 7130 7157
f 7266 7237 7230
f 7274 7328 7344
f 7274 7237 7266
f 7274 7336 7237
f 7255 7274 7244
f 7274 7276 7328
f 7255 7226 7276
f 7255 7276 7274
f 7165 7134 7317
f 7117 7069 6979
f 6171 6201 6221
f 6261 6304 6319
f 6562 6510 6490
f 6562 6490 6566
f 6446 6472 6490
f 6472 6566 6490
f 6566 6587 6565
f 6543 6565 6595
f 6171 6441 6425
f 6446 6406 6472
f 6472 6406 6473
f 6566 6532 6587
f 6562 6566 6565
f 6562 6565 6510
f 6446 6284 6406
f 6426 6284 6446
f 6446 6490 6491
f 6446 6491 6319
f 6426 6446 6319
f 6283 6426 6319
f 6169 6120 6142
f 5965 6119 6017
f 6283 6142 6284
f 6283 6284 6426
f 6219 6261 6201
f 6169 6219 6201
f 6304 6170 6142
f 6304 6142 6283
f 6144 6172 6201
f 6144 6121 6172
f 6169 6016 6120
f 6261 6170 6304
f 6169 6170 6261
f 6169 6142 6170
f 6117 6121 6116
f 6169 6124 6016
f 6441 6510 6565
f 6051 5894 6016
f 6172 6121 6169
f 6172 6169 6201
f 6221 6201 6261
f 6171 6221 6235
f 6235 6261 6319
f 6117 6116 6051
f 6441 6319 6491
f 6441 6491 6510
f 6171 6144 6201
f 6171 6235 6441
f 6960 6716 6620
f 6620 6716 5566
f 6960 7213 6716
f 6620 5566 6074
f 5824 5669 5372
f 5824 5823 5863
f 5372 5669 2860
f 5372 2860 2786
f 5824 5372 2786
f 5824 2786 5461
f 5428 5669 5821
f 5428 5821 3121
f 5704 5807 5653
f 5653 5416 5549
f 5704 5549 5550
f 5892 5013 5811
f 5733 5615 5653
f 5733 5653 5807
f 5704 5653 5549
f 5807 5634 5857
f 5733 5807 5857
f 5733 5857 5894
f 5353 5416 4869
f 5353 4869 4804
f 7170 7171 7219
f 7170 7219 7247
f 572 4064 4317
f 418 326 397
f 590 588 546
f 342 448 390
f 233 4065 3959
f 122 233 3817
f 179 233 158
f 122 158 233
f 257 370 356
f 356 3816 4065
f 741 795 716
f 510 477 507
f 497 405 477
f 497 477 510
f 235 179 180
f 235 233 179
f 370 390 356
f 257 233 235
f 497 356 405
f 497 3973 356
f 633 642 520
f 546 588 3957
f 714 737 703
f 656 589 642
f 546 3957 506
f 477 423 507
f 448 423 477
f 101 78 102
f 497 506 3973
f 405 448 477
f 405 390 448
f 405 356 390
f 546 506 510
f 546 510 589
f 656 590 589
f 656 588 590
f 1192 1176 1033
f 795 760 716
f 520 642 589
f 520 589 510
f 656 642 716
f 714 703 656
f 563 423 409
f 671 1320 744
f 1192 1033 1132
f 671 628 2157
f 795 857 871
f 795 871 760
f 1320 1526 1132
f 2255 2342 2339
f 952 741 892
f 744 908 892
f 744 892 743
f 743 741 642
f 633 520 563
f 671 743 563
f 671 418 628
f 908 1033 892
f 743 633 563
f 952 857 741
f 1136 952 892
f 952 871 857
f 743 642 633
f 743 892 741
f 1117 1062 1077
f 741 857 795
f 953 927 871
f 1175 1233 1135
f 1136 1059 952
f 1117 1136 1175
f 1077 953 952
f 1077 927 953
f 1014 952 1059
f 1117 1059 1136
f 1077 1062 927
f 1077 952 1014
f 1272 1176 1192
f 1176 1136 892
f 1176 1175 1136
f 1175 1209 1233
f 1117 1175 1135
f 1117 1135 1062
f 2510 2591 2605
f 1272 1175 1176
f 1032 892 1033
f 744 1320 1132
f 1032 1033 1176
f 1032 1176 892
f 2045 2028 2000
f 1633 1696 1631
f 1363 1272 1192
f 1363 1192 1132
f 1490 1633 1631
f 1272 1339 1340
f 1340 1339 1341
f 1340 1341 1233
f 1272 1340 1209
f 1272 1209 1175
f 7013 7102 7042
f 7013 7042 6986
f 6951 7013 6973
f 6951 6973 6934
f 7060 6951 7027
f 7060 7027 6934
f 5550 5445 5208
f 5550 5208 5634
f 1938 2000 1845
f 1320 1609 1526
f 2131 2061 2045
f 1463 1363 1526
f 1609 1696 1526
f 1363 1339 1272
f 1529 1631 1608
f 1363 1132 1526
f 1633 1526 1696
f 1363 1440 1339
f 1738 1864 1799
f 1608 4553 1419
f 1490 1463 1526
f 1490 1339 1440
f 1490 1363 1463
f 1490 1440 1363
f 1419 1304 1341
f 1608 1759 1652
f 1738 1799 1778
f 1799 1717 1631
f 1799 1759 1717
f 1608 1652 4553
f 1738 1845 1830
f 1799 1696 1778
f 2000 1830 1845
f 2089 4804 4418
f 2000 2028 1864
f 1738 1609 1845
f 1797 1652 1759
f 4981 4827 4775
f 1864 1797 1759
f 1864 1759 1799
f 2254 2178 2310
f 1935 1864 2028
f 1960 1864 1935
f 1960 1935 2028
f 5057 5445 5353
f 5353 5445 5550
f 2061 2028 2045
f 2397 2276 2421
f 1892 1797 1960
f 1892 4370 1797
f 2089 4418 4869
f 2089 4869 2026
f 2089 2178 4804
f 2180 2111 1938
f 2026 4370 1892
f 2026 4869 4370
f 2310 5011 5057
f 5057 5011 5445
f 2255 2180 2276
f 2254 4804 2178
f 2179 2178 2089
f 2366 2339 2508
f 2254 2310 5057
f 2254 5057 4804
f 2340 2179 2256
f 2487 5011 2418
f 2397 2421 2507
f 2131 2045 2111
f 2131 2155 2061
f 2061 2155 2179
f 2487 2340 2510
f 2179 2310 2178
f 2061 1960 2028
f 2061 2026 1960
f 2061 2179 2089
f 2061 2089 2026
f 2255 2131 2111
f 2255 2233 2131
f 2255 2111 2180
f 2255 2276 2397
f 2233 2179 2131
f 2131 2179 2155
f 2255 2339 2233
f 2180 1938 2276
f 2342 2507 2508
f 2342 2508 2339
f 1938 1845 1609
f 1320 1938 1609
f 446 505 515
f 446 4220 505
f 586 515 572
f 572 629 584
f 461 4291 446
f 461 4316 4291
f 399 4190 4236
f 399 4217 4190
f 399 398 3974
f 399 3974 4217
f 23 3974 353
f 23 3958 3974
f 74 53 23
f 74 3958 53
f 257 235 302
f 159 160 102
f 70 78 47
f 160 158 102
f 397 351 444
f 442 461 462
f 442 398 461
f 377 30 420
f 47 78 48
f 284 215 133
f 30 23 420
f 420 23 398
f 284 133 342
f 457 494 492
f 79 74 48
f 48 74 23
f 79 48 78
f 79 78 74
f 143 102 158
f 143 158 122
f 101 143 74
f 101 74 78
f 318 302 235
f 159 180 160
f 543 557 492
f 318 235 215
f 342 390 318
f 180 158 160
f 318 370 302
f 318 390 370
f 81 351 133
f 81 133 102
f 492 557 503
f 418 397 457
f 494 462 515
f 445 442 462
f 351 377 419
f 419 445 444
f 47 30 377
f 47 48 30
f 419 442 445
f 419 398 442
f 419 377 420
f 419 420 398
f 418 133 326
f 39 351 1
f 457 492 503
f 351 419 444
f 133 159 102
f 342 423 448
f 133 180 159
f 232 180 133
f 28 377 351
f 28 351 39
f 70 39 81
f 70 47 39
f 28 39 47
f 28 47 377
f 81 39 1
f 81 1 351
f 70 81 102
f 70 102 78
f 232 133 215
f 232 215 180
f 274 409 342
f 342 409 423
f 284 342 318
f 284 318 215
f 274 342 133
f 274 133 409
f 692 726 767
f 728 767 726
f 440 444 445
f 494 496 492
f 543 492 515
f 543 515 557
f 440 445 494
f 440 494 457
f 397 440 457
f 397 444 440
f 397 133 351
f 397 326 133
f 671 744 743
f 418 409 133
f 1738 1778 1696
f 1738 1696 1609
f 2487 5208 5011
f 2418 2310 2340
f 2339 2340 2256
f 2339 2256 2179
f 2875 2674 2777
f 2875 2717 2674
f 2875 2715 2717
f 2715 2742 2591
f 3693 3717 3719
f 3693 3719 3790
f 3580 3537 3671
f 3671 3537 3623
f 2817 2607 2636
f 2896 2875 2869
f 2442 2636 2607
f 2442 2607 2507
f 5635 3004 3044
f 3044 3004 3116
f 3002 5585 2856
f 3002 2856 3004
f 2817 2674 2607
f 2913 2978 2855
f 2795 2875 2855
f 2795 2855 2742
f 2913 3026 3093
f 2913 3093 2978
f 2608 2715 2590
f 2608 2590 2607
f 2510 2508 2590
f 2510 2590 2591
f 2366 2510 2340
f 2366 2340 2339
f 2550 2607 2590
f 2550 2590 2508
f 6943 7101 7096
f 6746 6679 6795
f 6543 6425 6441
f 6543 6441 6565
f 6171 6425 6074
f 6171 6074 6144
f 6855 6960 6757
f 7096 7193 7213
f 6757 6960 6620
f 6757 6620 6595
f 6855 6757 6832
f 6855 6832 6960
f 6943 6932 7004
f 7101 7004 7125
f 7150 7101 7194
f 7150 7194 7193
f 7096 7101 7150
f 7096 7150 7193
f 6080 6074 6116
f 6080 6144 6074
f 6075 6050 6051
f 6011 5894 6051
f 6117 6051 6016
f 6117 6016 6124
f 6011 6051 6050
f 5897 5740 5869
f 5869 6011 6050
f 5896 6074 5892
f 5587 5558 5615
f 5740 5712 5615
f 5739 5855 5811
f 5122 4370 4869
f 5896 5811 5855
f 5896 5892 5811
f 6075 6051 6116
f 6075 6116 6050
f 5898 5965 5858
f 5635 5734 5585
f 5898 6119 5965
f 5898 6078 6119
f 6080 6116 6121
f 6080 6121 6144
f 5931 6016 5894
f 5931 5894 5857
f 6017 6119 6218
f 5858 5899 5734
f 6017 6120 6016
f 6017 6016 5899
f 5965 6017 5899
f 5965 5899 5858
f 5898 5858 5635
f 5898 5635 3116
f 2276 1938 2157
f 2276 2157 2421
f 2397 2507 2342
f 2255 2397 2342
f 5122 4981 4693
f 4981 4775 4693
f 5014 4827 4981
f 4775 4827 4692
f 5122 4693 4370
f 5283 4869 5416
f 2487 2510 2605
f 2487 2605 5208
f 4516 4749 4882
f 4516 4557 4749
f 4483 4516 4450
f 4377 4376 4429
f 4541 4516 4882
f 4541 4882 5013
f 4450 4448 4398
f 4483 4522 4518
f 4259 4338 4352
f 4429 4399 4401
f 4483 4518 4516
f 4523 4522 4583
f 4483 4397 4452
f 4518 4523 4516
f 4483 4450 4398
f 4518 4522 4523
f 4377 4341 4352
f 4352 4341 4340
f 4386 4352 4338
f 4386 4338 4353
f 4259 4352 4304
f 4259 4304 4065
f 4411 4400 4412
f 4411 4363 4381
f 671 2157 1320
f 1320 2157 1938
f 1419 4553 4419
f 1419 4419 1304
f 1439 1339 1490
f 1608 1717 1759
f 4391 4411 4412
f 4434 4546 4416
f 4377 4352 4376
f 4541 5013 4460
f 4391 4363 4411
f 4429 4398 4448
f 4400 4378 4401
f 4377 4429 4401
f 4461 4548 4460
f 4429 4460 4548
f 4377 4355 4341
f 4373 4386 4397
f 4377 4401 4378
f 4377 4378 4355
f 4400 4401 4399
f 4400 4399 4412
f 4411 4378 4400
f 4381 4363 4346
f 4410 4409 4363
f 4410 4394 4409
f 5869 5733 5894
f 5869 5740 5733
f 5413 5557 5559
f 5387 5415 5012
f 5555 5587 5586
f 5554 5586 5448
f 5213 4981 5122
f 5283 5416 5449
f 5557 5449 5587
f 5557 5587 5555
f 5213 5449 5280
f 5122 4869 5283
f 5213 5283 5449
f 5213 5122 5283
f 5415 5448 5012
f 5163 5280 5413
f 4339 4282 1062
f 4591 4424 4563
f 4489 4423 4560
f 4489 4560 4531
f 5897 5869 5855
f 5897 5855 5740
f 5964 5896 5930
f 5896 6050 6074
f 5930 5896 5869
f 5930 5869 6050
f 5964 5930 6050
f 5964 6050 5896
f 5415 5559 5555
f 5554 5448 5415
f 5161 5163 5162
f 4980 4955 4828
f 5357 5162 5163
f 5163 5014 5116
f 4980 4827 5014
f 4980 4828 4827
f 5059 5079 5060
f 5059 4955 4980
f 5059 5060 4955
f 5059 4980 5014
f 5387 5012 5162
f 5120 5161 5162
f 5161 5079 5163
f 5163 5079 5014
f 5357 5163 5413
f 5357 5413 5415
f 5120 5079 5161
f 5120 5060 5079
f 5120 5162 5012
f 5120 5012 5060
f 5387 5162 5357
f 5387 5357 5415
f 5554 5415 5555
f 5554 5555 5586
f 5213 5280 5116
f 5213 5116 4981
f 6746 6832 6595
f 6746 6595 6680
f 6943 6746 6857
f 6943 6857 6932
f 5704 5550 5634
f 5704 5634 5807
f 4388 4424 4453
f 4387 4374 4320
f 3857 3664 4389
f 4282 927 1062
f 794 3857 737
f 4388 4389 4424
f 4281 4388 4320
f 794 844 3857
f 4281 4158 703
f 4281 703 737
f 417 628 418
f 671 409 418
f 692 652 571
f 692 571 629
f 692 728 726
f 692 629 728
f 571 652 628
f 571 628 503
f 4160 4264 3817
f 4160 3817 3959
f 257 356 4065
f 257 4065 233
f 417 418 503
f 417 503 628
f 714 716 760
f 714 760 737
f 4461 4399 4429
f 4434 4460 4546
f 4410 4434 4416
f 4410 4416 4394
f 4391 4434 4410
f 4391 4410 4363
f 4461 4391 4412
f 4461 4412 4399
f 4373 4376 4352
f 4373 4352 4386
f 4387 4320 4375
f 4387 4375 4453
f 1494 1419 1341
f 1439 1490 1494
f 1555 1608 1419
f 1555 1419 1494
f 1529 1494 1490
f 1529 1490 1631
f 1439 1494 1341
f 1439 1341 1339
f 794 760 871
f 794 871 844
f 586 544 515
f 572 515 505
f 728 629 727
f 728 727 769
f 621 557 584
f 586 572 584
f 586 584 557
f 586 557 544
f 621 584 629
f 621 629 571
f 4648 4642 4619
f 4591 4563 4648
f 4591 4648 4619
f 4591 4619 4424
f 3053 3026 3001
f 3001 3026 2913
f 3936 3911 3987
f 3936 3987 3984
f 3053 3001 2980
f 3001 2875 2896
f 2817 2636 3601
f 2817 3601 3538
f 3580 3693 3499
f 3580 3499 3537
f 3137 3194 3163
f 3053 3043 3137
f 2980 3001 2896
f 3043 2896 3137
f 3053 3093 3026
f 3043 2980 2896
f 3053 3137 3163
f 3053 3163 3093
f 2839 2838 2862
f 2839 2862 2901
f 711 836 877
f 711 767 836
f 1681 1640 1654
f 1681 1654 1727
f 1534 853 1640
f 1727 1657 1807
f 1534 877 853
f 877 836 853
f 711 692 767
f 711 652 692
f 1618 710 789
f 710 2138 2299
f 789 710 711
f 789 711 877
f 1654 1593 1657
f 1867 2138 1618
f 1834 1618 1377
f 1618 789 1377
f 1806 1869 1807
f 1871 1834 1725
f 1654 1640 853
f 1654 853 882
f 2161 2213 1867
f 1681 1534 1640
f 1681 1563 1534
f 1727 1654 1657
f 2006 1871 1943
f 1681 1727 1807
f 1849 1807 1869
f 1867 1618 1834
f 1725 1377 1681
f 1766 1681 1807
f 1725 1834 1377
f 1681 1377 1346
f 1725 1681 1766
f 1985 2006 1943
f 4893 5052 1806
f 1806 5052 1869
f 4893 1657 4676
f 4893 4676 5052
f 1980 1943 1870
f 2067 1985 1943
f 1871 1850 1766
f 1850 1725 1766
f 2006 1834 1871
f 2006 1867 1834
f 1985 2069 2006
f 2006 2069 1867
f 2215 2280 2095
f 2215 2095 2051
f 1980 2067 1943
f 2031 1869 5073
f 1870 1943 1871
f 1870 1871 1766
f 1849 1870 1766
f 1849 1766 1807
f 4975 4768 4972
f 4975 5036 4898
f 4973 4972 4683
f 4973 4683 5566
f 1897 1869 1980
f 1980 1869 2067
f 1897 1980 1870
f 1897 1870 1869
f 5650 5595 5716
f 5650 5716 5697
f 2655 2723 2784
f 2655 2784 2595
f 2095 2067 2031
f 2095 2162 2067
f 2215 2375 2280
f 2211 2095 2280
f 2215 2051 5189
f 2215 5189 2375
f 2161 1867 2069
f 2161 2069 2213
f 2211 2212 2069
f 2211 2069 2162
f 7071 7108 7083
f 7017 6886 7108
f 6977 6940 7017
f 7035 6939 6977
f 7132 7117 7083
f 7117 7051 7083
f 6977 6939 6895
f 7017 6940 6886
f 7035 7083 7051
f 7035 7071 7083
f 7071 6977 7017
f 7071 7017 7108
f 7117 7158 7069
f 7051 6979 6907
f 7035 7051 6907
f 7035 6907 6939
f 7132 7083 7108
f 7132 7108 7165
f 4350 4316 4366
f 4350 4366 4368
